POI名称,一级标签,二级标签,三级标签,四级标签,中心点经度,中心点纬度
武昌区丁字桥小学,教育,小学,普通,小学,114.326395,30.521186
季佳·里纸坊,商业,购物中心,(null),(null),114.309462,30.348534
班集蔡湾公交站,交通,公交站,(null),(null),113.963863,30.544028
沌口小学,教育,小学,普通,小学,114.187838,30.463365
武汉市第十四中学,教育,中学,普通,初中,114.313134,30.55195
万福林小学,教育,小学,普通,小学,114.298058,30.516
花溪路有轨电车站,交通,公交站,(null),(null),114.505686,30.469946
弗拉门戈广场,景观,公园,普通景点,(null),114.403379,30.504011
武汉科技大学附属天佑医院,医疗,综合医院,普通,(null),114.326471,30.524641
武汉紫荆医院住院部,医疗,综合医院,普通,(null),114.328527,30.580379
南国南湖城市广场(建安街),商业,购物中心,(null),(null),114.324906,30.505355
武商量贩(吴家山店),商业,大型超市,(null),(null),114.138782,30.620423
武汉市汉南区纱帽山小学,教育,小学,普通,小学,114.084108,30.312675
百步亭花园路地铁站,交通,地铁站,非换乘,21号线/阳逻线,114.315485,30.654377
余家头小学,教育,小学,普通,小学,114.352125,30.604402
班集公交站,交通,公交站,(null),(null),113.972635,30.550621
武汉万国公园,景观,公园,普通景点,(null),114.440574,30.546005
汉口北,商业,购物中心,(null),(null),114.323082,30.704595
万汇MALL,商业,购物中心,(null),(null),114.320212,30.373651
武昌区昙华林小学,教育,小学,普通,小学,114.306657,30.553315
台北商场(二七店),商业,大型超市,(null),(null),114.3168,30.630046
友谊村广场,景观,公园,普通景点,(null),114.118603,30.609261
中南民族大学医院,医疗,综合医院,普通,(null),114.396991,30.487629
武汉甲康医院,医疗,专科医院,普通,(null),114.352989,30.61051
湖北中医药大学附属骨伤医院,医疗,专科医院,普通,(null),114.366906,30.52117
汉阳大道钟家村公交站,交通,公交站,(null),(null),114.263819,30.549648
武汉市中西医结合医院,医疗,综合医院,普通,(null),114.272539,30.570821
中山公园地铁站,交通,地铁站,非换乘,2号线,114.272845,30.581962
新世界百货(徐东店),商业,购物中心,(null),(null),114.346747,30.58869
湖北省水果湖第二中学,教育,中学,普通,初中,114.340779,30.542906
金牛小学,教育,小学,普通,小学,113.98187,30.400666
武汉市吴家山第二中学,教育,中学,普通,初中,114.142418,30.627624
中百广场(江夏店),商业,购物中心,(null),(null),114.321385,30.364694
竹叶海天桥公园,景观,公园,普通景点,(null),114.163033,30.623724
博学小学,教育,小学,普通,小学,114.213069,30.595057
新天大道知音公交站,交通,公交站,(null),(null),114.091697,30.556905
武汉花世界,景观,公园,普通景点,(null),114.024975,30.597844
武汉商学院有轨电车站,交通,公交站,(null),(null),114.090091,30.459073
蒲潭有轨电车站,交通,公交站,(null),(null),114.072522,30.405782
常青藤口袋公园,景观,公园,普通景点,(null),114.23999,30.607654
武汉中学,教育,中学,普通,初中,114.31178,30.547796
湖北省中医院省直分院,医疗,综合医院,三甲,(null),114.345551,30.543683
天河街两路口公交站,交通,公交站,(null),(null),114.218859,30.800885
车城东路地铁站,交通,地铁站,非换乘,6号线,114.179988,30.495551
武汉奇石园,景观,公园,普通景点,(null),114.414803,30.531041
中山公园,景观,公园,普通景点,(null),114.271559,30.58665
江汉区西马路小学,教育,小学,普通,小学,114.285911,30.602442
蔡甸区第二小学,教育,小学,普通,小学,114.031227,30.58413
百乐易购购物中心,商业,大型超市,(null),(null),114.237538,30.732116
武商MALL(武商MALL·国广店),商业,购物中心,(null),(null),114.272146,30.57876
五里墩小学,教育,小学,普通,小学,114.237723,30.553187
北斗星儿童医院,医疗,综合医院,普通,(null),114.312561,30.567727
武汉市东西湖区第二人民医院,医疗,综合医院,普通,(null),114.254505,30.650449
愉心园,景观,公园,普通景点,(null),114.376236,30.68992
E品搜秀城,商业,购物中心,(null),(null),114.298451,30.592713
枫树五路有轨电车站,交通,公交站,(null),(null),114.108264,30.463217
武商量贩(锦绣龙城店),商业,大型超市,(null),(null),114.390118,30.466889
武汉黄陂前川二小,教育,小学,普通,小学,114.38207,30.866643
东山村石桥公交站,交通,公交站,(null),(null),113.977504,30.552457
武商量贩(黄陂店),商业,大型超市,(null),(null),114.374621,30.874899
万达广场(盘龙城店),商业,购物中心,(null),(null),114.304329,30.694782
武汉市钢城第十六中学,教育,中学,普通,初中,114.396826,30.620555
航城东路国航公交站,交通,公交站,(null),(null),114.223546,30.726285
武汉市第十一中学,教育,中学,重点,高中,114.260158,30.574827
光谷四路有轨电车站,交通,公交站,(null),(null),114.495171,30.471654
奥莱之星城市广场,商业,购物中心,(null),(null),114.255408,30.72953
兰亭公园,景观,公园,普通景点,(null),114.526094,30.501075
人民乐园,景观,公园,普通景点,(null),114.302891,30.586244
武汉十六中翔宇分校,教育,中学,普通,高中,114.294329,30.598533
舵落口小学,教育,小学,普通,小学,114.170215,30.606244
武汉市梅苑学校,教育,小学,普通,小学,114.326269,30.53322
陶家岭地铁站,交通,地铁站,非换乘,3号线,114.201851,30.545591
鲁巷实验小学,教育,小学,普通,小学,114.396753,30.504451
光谷天地,商业,购物中心,(null),(null),114.410537,30.477059
蔡甸江滩,景观,公园,普通景点,(null),114.040174,30.587306
武汉市晒湖中学附属小学,教育,小学,普通,小学,114.31748,30.526337
新天地铁站,交通,地铁站,非换乘,4号线,114.126339,30.552199
烽胜路胜利村公交站,交通,公交站,(null),(null),114.293442,30.463889
汤逊湖壹号湿地公园,景观,公园,普通景点,(null),114.331515,30.411263
天河街陶家园公交站,交通,公交站,(null),(null),114.20832,30.807092
武汉市新洲区第一中学,教育,中学,普通,高中,114.815374,30.848451
武汉环亚白癜风医院,医疗,专科医院,普通,(null),114.230019,30.578588
中百仓储(蔡甸金家店),商业,大型超市,(null),(null),114.042928,30.572826
万达广场A区,商业,购物中心,(null),(null),114.173972,30.506819
武汉市晒湖中学,教育,中学,普通,初中,114.317582,30.525943
侏儒中心小学,教育,小学,普通,小学,113.840986,30.441438
黄陂区文体广场,景观,公园,普通景点,(null),114.378789,30.870271
家乐福(华生·汉口城市广场3期南区店),商业,大型超市,(null),(null),114.174691,30.621751
湖北省中医院花园山院区,医疗,综合医院,三甲,(null),114.309864,30.550728
积玉桥地铁站,交通,地铁站,换乘二线,2号线;5号线,114.308679,30.561284
澳门路小学,教育,小学,普通,小学,114.295502,30.602316
前川街刘绪店公交站,交通,公交站,(null),(null),114.425812,30.877643
玫瑰主题公园,景观,公园,普通景点,(null),114.164239,30.895558
家乐福(二七),商业,大型超市,(null),(null),114.31587,30.624571
武汉市汉阳区十里铺小学,教育,小学,普通,小学,114.215242,30.557057
大润发,商业,大型超市,(null),(null),114.2851,30.584964
武汉市第八十一中学,教育,中学,重点,初中,114.313569,30.6214
雄楚大道BRT民族大道站快速公交站,交通,公交站,(null),(null),114.399887,30.497943
湖北黄陂第一中学,教育,中学,普通,高中,114.363233,30.903588
六医院东楼,医疗,综合医院,普通,(null),114.29055,30.600233
龙泉中学,教育,中学,普通,初中,114.534702,30.391121
东西湖郁金香主题公园,景观,公园,3A级景区,(null),114.085182,30.704151
中科院武汉植物园基地,景观,公园,4A级景区,(null),114.304344,30.15201
南湖中央广场,商业,购物中心,(null),(null),114.324732,30.496731
卓刀泉广场,商业,购物中心,(null),(null),114.366115,30.508412
新区公园,景观,公园,普通景点,(null),114.194231,30.532777
华氏国际广场(中国·中华城店),商业,购物中心,(null),(null),114.28299,30.605679
武昌区棋盘街小学,教育,小学,普通,小学,114.314148,30.547463
武汉市第七十一中学,教育,中学,普通,初中,114.265494,30.607944
丽景广场,景观,公园,普通景点,(null),114.223457,30.634334
亿德生态园,景观,公园,普通景点,(null),114.630639,30.489409
雄楚大道BRT省荣军医院站快速公交站,交通,公交站,(null),(null),114.372361,30.505295
花山金港汽车主题公园,景观,公园,普通景点,(null),114.519958,30.553242
雄楚大道BRT石牌岭路站快速公交站,交通,公交站,(null),(null),114.337548,30.513976
武汉市按摩医院,医疗,专科医院,普通,(null),114.268672,30.570274
中城时代百尚购物广场,商业,购物中心,(null),(null),114.287993,30.702516
工程大学有轨电车站,交通,公交站,(null),(null),114.431262,30.464848
东西湖极地海洋公园,景观,公园,普通景点,(null),114.265786,30.660557
纸贺路丰收村公交站,交通,公交站,(null),(null),114.325464,30.288051
武汉市和平公园,景观,公园,普通景点,(null),114.385242,30.633054
范湖地铁站,交通,地铁站,换乘二线,2号线;3号线,114.261118,30.607701
武汉南大门综合医院,医疗,综合医院,普通,(null),114.328618,30.485525
康福路中段公交站,交通,公交站,(null),(null),114.384036,30.496172
狮子山广场,景观,公园,普通景点,(null),114.357961,30.475645
武商MALL•武商里,商业,购物中心,(null),(null),114.270671,30.580233
百洋商储购物广场(武汉碧桂园风情商业街店),商业,大型超市,(null),(null),114.08767,30.351908
武汉中原医院,医疗,综合医院,普通,(null),114.350621,30.605886
楚天时尚广场,商业,购物中心,(null),(null),114.337441,30.548165
雄楚大道站有轨电车站,交通,公交站,(null),(null),114.412418,30.497855
永旺,商业,大型超市,(null),(null),114.205119,30.503886
林荫广场,景观,公园,普通景点,(null),114.362163,30.560048
红星小学(刘家咀),教育,小学,普通,小学,113.898218,30.512676
青翠苑学校,教育,小学,普通,小学,114.391181,30.616283
湖北省妇幼保健院光谷院区,医疗,专科医院,普通,(null),114.474637,30.497267
三园路有轨电车站,交通,公交站,(null),(null),114.390273,30.443339
武汉化学工业区魏家湾小学,教育,小学,普通,小学,114.499725,30.658946
星荟城,商业,购物中心,(null),(null),114.333538,30.537463
协和医院西院,医疗,综合医院,三甲,(null),114.174157,30.492963
武汉黄陂六中,教育,中学,普通,高中,114.363927,30.872115
广埠屯地铁站,交通,地铁站,非换乘,2号线,114.364207,30.522437
后襄河公园,景观,公园,普通景点,(null),114.255796,30.609113
世贸生活汇,商业,购物中心,(null),(null),114.420885,30.471948
大堤口广场,景观,公园,普通景点,(null),114.29931,30.556055
武汉市梅苑学校小学部,教育,小学,普通,小学,114.3216,30.530171
群西线唐家墩公交站,交通,公交站,(null),(null),114.208646,30.90145
九峰国家森林公园,景观,公园,普通景点,(null),114.495649,30.503592
友谊路自治街公交站,交通,公交站,(null),(null),114.278416,30.579388
妙羽体育运动公园,景观,公园,普通景点,(null),114.25381,30.599729
汉江堤张家台公交站,交通,公交站,(null),(null),113.97582,30.646306
广州军区武汉总医院南湖妇产中心住院部,医疗,专科医院,普通,(null),114.324219,30.512994
万利生活广场,商业,购物中心,(null),(null),114.346496,30.592377
汉正街小学,教育,小学,普通,小学,114.273114,30.567486
琴台小森林,景观,公园,普通景点,(null),114.247718,30.556577
雅安街恒安路公交站,交通,公交站,(null),(null),114.315022,30.509536
武汉关小学,教育,小学,普通,小学,114.293551,30.576077
台北商场(堤角路店),商业,大型超市,(null),(null),114.335503,30.657414
宜居路青雅居公交站,交通,公交站,(null),(null),114.421489,30.639527
皇后公园,商业,购物中心,(null),(null),114.383451,30.504556
服投广场,商业,购物中心,(null),(null),114.142606,30.622463
六指街六指店公交站,交通,公交站,(null),(null),114.495567,30.862177
新华小学(刘左甫塆),教育,小学,普通,小学,114.460598,30.883232
汉江堤尹家台公交站,交通,公交站,(null),(null),113.988906,30.625022
雄楚大道BRT书城路站快速公交站,交通,公交站,(null),(null),114.339887,30.51207
孟家铺地铁站,交通,地铁站,非换乘,4号线,114.173992,30.565151
武汉模特学校,教育,中学,普通,职业学校,114.330369,30.640942
同心小学,教育,小学,普通,小学,113.94091,30.625946
警察公园,景观,公园,普通景点,(null),114.171984,30.617154
武商MALL•国广,商业,购物中心,(null),(null),114.271169,30.579913
长港路地铁站,交通,地铁站,非换乘,2号线,114.246021,30.627168
汉阳一中,教育,中学,普通,高中,114.017033,30.578535
奓山中心小学,教育,小学,普通,小学,114.01285,30.445078
朱家河地铁站,交通,地铁站,非换乘,21号线/阳逻线,114.364654,30.680146
武汉东湖学院医院,医疗,综合医院,普通,(null),114.314506,30.425115
丁字桥地铁站,交通,地铁站,非换乘,(在建)11号线二期,114.329587,30.521836
杨泗港大桥江滩公园,景观,公园,普通景点,(null),114.241495,30.498022
硚口区山鹰小学,教育,小学,普通,小学,114.218167,30.588293
李家店路大洪公交站,交通,公交站,(null),(null),114.398325,30.325664
东方红第二小学,教育,小学,普通,小学,114.223196,30.605174
武汉大学医院,医疗,综合医院,普通,(null),114.364092,30.533522
三眼桥地铁站,交通,地铁站,非换乘,6号线,114.275743,30.610324
武汉市第六医院,医疗,综合医院,普通,(null),114.290399,30.600034
软件园路有轨电车站,交通,公交站,(null),(null),114.409484,30.474386
佳兴广场,商业,购物中心,(null),(null),114.309465,30.348535
奇妙恐龙世界,景观,公园,普通景点,(null),114.648122,30.605893
琴台地铁站,交通,地铁站,非换乘,6号线,114.266282,30.557559
金色城市,商业,购物中心,(null),(null),114.261711,30.483655
武汉锦华妇产医院,医疗,专科医院,普通,(null),114.226017,30.531598
世纪广场(艳阳天大厦南),商业,购物中心,(null),(null),114.569208,30.663454
黄陂商场,商业,购物中心,(null),(null),114.376665,30.868454
武汉市金银潭医院,医疗,综合医院,普通,(null),114.284926,30.666882
光谷大道地铁站,交通,地铁站,非换乘,2号线,114.423817,30.506535
武汉太康医院(沿海赛洛城中央大街),医疗,综合医院,普通,(null),114.153179,30.637274
汉口火车站地铁站,交通,地铁站,非换乘,(在建)10号线一期;(在建)12号线;2号线,114.254961,30.615485
老关村地铁站,交通,地铁站,换乘二线,16号线;6号线,114.225922,30.49291
蔡甸购物广场(汉阳大街店),商业,购物中心,(null),(null),114.027922,30.582195
武汉市第十五中学,教育,中学,普通,初中,114.326887,30.538107
东风公司地铁站,交通,地铁站,换乘二线,3号线;6号线,114.166088,30.500107
水祁公路姚河公交站,交通,公交站,(null),(null),114.24602,30.876615
中山路小学紫都一分校,教育,小学,普通,小学,114.289025,30.515064
黄陂李集小学,教育,小学,普通,小学,114.236036,31.008653
野芷湖公园,景观,公园,普通景点,(null),114.330544,30.459902
富士康台成纪念公园,景观,公园,普通景点,(null),114.470169,30.428445
体育中心地铁站,交通,地铁站,非换乘,3号线,114.170981,30.506039
中百仓储(黄浦路店),商业,大型超市,(null),(null),114.300975,30.618208
金珠广场,景观,公园,普通景点,(null),114.190566,30.630383
江南脑科急诊,医疗,专科医院,普通,(null),114.385855,30.592329
施岗村公交站,交通,公交站,(null),(null),114.593207,30.701024
武汉汽车配件厂职工医院,医疗,综合医院,普通,(null),114.229963,30.579992
前川街杨家湾公交站,交通,公交站,(null),(null),114.433056,30.873555
汉口江滩2期,景观,公园,普通景点,(null),114.311473,30.599555
江广商城,商业,购物中心,(null),(null),114.32978,30.351542
武汉市视障高级中学,教育,中学,普通,高中,114.343526,30.522367
柏林地铁站公交站,交通,公交站,(null),(null),113.995557,30.582181
动物主题公园,景观,公园,普通景点,(null),114.309875,30.608962
美联奥园生活广场(美联·奥林匹克花园二期店),商业,购物中心,(null),(null),114.238984,30.653174
汉口新界悦街,商业,购物中心,(null),(null),114.261749,30.585433
武汉协和医院西院新住院部,医疗,综合医院,普通,(null),114.174766,30.493732
径河公园,景观,公园,普通景点,(null),114.14588,30.66894
奥地利广场,商业,购物中心,(null),(null),114.274655,30.575852
湖北省肿瘤医院,医疗,专科医院,普通,(null),114.364673,30.500225
首佳耳鼻喉医院,医疗,专科医院,普通,(null),114.219648,30.584557
嘉园印象里,商业,购物中心,(null),(null),114.445762,30.499554
湖北省立第一中学,教育,中学,普通,高中,114.312345,30.55163
金银湖国家湿地公园,景观,公园,普通景点,(null),114.187354,30.641473
武汉第三寄宿中学联合学区七里中学,教育,中学,普通,高中,114.222399,30.550137
武汉市洪山区武珞路小学,教育,小学,普通,小学,114.345781,30.529595
武汉市结核病医院,医疗,专科医院,普通,(null),114.253503,30.581454
菱角湖地铁站,交通,地铁站,非换乘,3号线,114.27579,30.604121
庭悦荟,商业,购物中心,(null),(null),114.224687,30.657803
武商摩尔城,商业,购物中心,(null),(null),114.270763,30.579927
西环路梅丰村公交站,交通,公交站,(null),(null),114.009701,30.594319
中心城·西苑公园,景观,公园,普通景点,(null),114.494342,30.491422
云雾山郊野公园,景观,公园,普通景点,(null),114.201968,31.100771
武汉民生耳鼻喉专科医院,医疗,专科医院,普通,(null),114.285656,30.623261
幸福时代百货广场,商业,购物中心,(null),(null),114.800316,30.826576
仓埠商场,商业,购物中心,(null),(null),114.603816,30.834562
武汉市医疗救治中心,医疗,综合医院,三甲,(null),114.286225,30.666351
常青藤路有轨电车站,交通,公交站,(null),(null),114.409222,30.504008
江大路大江园公交站,交通,公交站,(null),(null),114.294575,30.617652
土地堂中学,教育,中学,普通,初中,114.335121,30.20898
远洋心里PARK,商业,购物中心,(null),(null),114.258973,30.630383
班集村公交站,交通,公交站,(null),(null),113.970009,30.54944
花仙子植物园,景观,公园,普通景点,(null),114.345083,30.666015
首创奥特莱斯,商业,购物中心,(null),(null),114.461443,30.477419
东山村杨湾公交站,交通,公交站,(null),(null),113.986528,30.553954
武汉市汉铁初级中学,教育,中学,普通,初中,114.3149,30.641237
方泰医院,医疗,综合医院,普通,(null),114.324851,30.50924
百步亭游园,景观,公园,普通景点,(null),114.324785,30.640948
府河郊野公园,景观,公园,普通景点,(null),114.30135,30.67137
鸿达乐活城,商业,购物中心,(null),(null),114.138477,30.618453
武昌区中山路小学,教育,小学,重点,小学,114.314487,30.532276
武汉市武东医院,医疗,专科医院,普通,(null),114.462754,30.574498
保利悦荟,商业,购物中心,(null),(null),114.359528,30.595097
光谷天地站有轨电车站,交通,公交站,(null),(null),114.409847,30.47745
三眼桥小学,教育,小学,普通,小学,114.280337,30.616088
江夏新世纪公园,景观,公园,普通景点,(null),114.327708,30.356618
武汉摩尔城,商业,购物中心,(null),(null),114.207035,30.55914
滠水公园,景观,公园,普通景点,(null),114.386624,30.871631
武汉大学城医院,医疗,综合医院,普通,(null),114.311565,30.413482
红色广场,景观,公园,普通景点,(null),114.266519,30.552698
中商汗麦生活广场,商业,购物中心,(null),(null),114.371622,30.410422
武东公园,景观,公园,普通景点,(null),114.458699,30.571566
湖北武汉长航脑科医院,医疗,专科医院,普通,(null),114.287588,30.605517
光谷广场地铁站,交通,地铁站,非换乘,(在建)11号线二期;2号线,114.399663,30.506119
武汉一初慧泉中学(金雅校区),教育,中学,普通,高中,114.244623,30.627062
柴泊湖休闲广场,景观,公园,普通景点,(null),114.56669,30.669635
蔡甸区人民医院住院楼,医疗,综合医院,普通,(null),114.044451,30.56246
武汉和田医院,医疗,综合医院,普通,(null),114.237086,30.644977
江南脑科医院(欢乐大道),医疗,专科医院,普通,(null),114.38595,30.592348
硃山湖北站有轨电车站,交通,公交站,(null),(null),114.090234,30.44183
瑞安街地铁站,交通,地铁站,非换乘,7号线,114.3142,30.514908
广埠屯小学,教育,小学,重点,小学,114.364484,30.523656
天河街中分湾公交站,交通,公交站,(null),(null),114.192305,30.786992
武汉市妇女儿童医疗保健中心,医疗,综合医院,三甲,(null),114.288065,30.603596
长春街小学,教育,小学,重点,小学,114.310492,30.606508
八铺街地铁站,交通,地铁站,非换乘,5号线,114.300559,30.520002
万家湖公园,景观,公园,普通景点,(null),114.188052,30.468792
武汉圣心医院门诊部,医疗,综合医院,普通,(null),114.244136,30.618382
唐家墩小学,教育,小学,普通,小学,114.271039,30.613813
水府街有轨电车站,交通,公交站,(null),(null),114.14798,30.493945
普爱医院常青分院,医疗,综合医院,普通,(null),114.235361,30.636191
雄楚大道BRT静安路站快速公交站,交通,公交站,(null),(null),114.320981,30.519991
华贸商场(永安专卖店),商业,购物中心,(null),(null),113.937773,30.457424
红桥脑科医院,医疗,综合医院,普通,(null),114.277857,30.62108
汉南区妇幼保健所,医疗,专科医院,普通,(null),114.077316,30.317325
普仁医院急诊,医疗,综合医院,普通,(null),114.380429,30.630355
岳家嘴地铁站,交通,地铁站,非换乘,4号线;8号线,114.36201,30.577109
武汉市鲁巷中学,教育,中学,普通,初中,114.394113,30.502693
龙腾第一大道蓝宝石座,商业,购物中心,(null),(null),114.276882,30.564654
九峰一路有轨电车站,交通,公交站,(null),(null),114.530113,30.499472
岭森乐卡购物中心(青山分店),商业,大型超市,(null),(null),114.404923,30.619955
汪家墩地铁站,交通,地铁站,非换乘,(在建)12号线;8号线,114.350076,30.585167
文体汇,商业,购物中心,(null),(null),114.27319,30.629175
武汉武中医院,医疗,专科医院,普通,(null),114.312112,30.452409
街心花园,景观,公园,普通景点,(null),114.487683,30.608831
蔡甸区妇幼保健院,医疗,专科医院,普通,(null),114.034661,30.58293
庙山新时代广场,商业,购物中心,(null),(null),114.372993,30.406752
腾龙生态园,景观,公园,普通景点,(null),114.430705,30.311005
六指街张湾公交站,交通,公交站,(null),(null),114.555942,30.824197
松茅公路罗庄公交站,交通,公交站,(null),(null),113.976992,30.502049
当代国际花园站有轨电车站,交通,公交站,(null),(null),114.41258,30.463568
武汉市六中致诚中学,教育,中学,普通,初中,114.287569,30.594608
华中科技大学附属普爱医院,医疗,专科医院,三甲,(null),114.205055,30.592899
沃尔玛购物广场沌口经开万达店,商业,大型超市,(null),(null),114.174239,30.507115
祁家湾客运站旭日路,交通,公交站,(null),(null),114.238656,30.878077
武汉市第四十五中学,教育,中学,普通,初中,114.294687,30.539212
蓝仔游乐园,景观,公园,普通景点,(null),114.280008,30.648781
螃蟹岬地铁站,交通,地铁站,换乘二线,2号线;7号线,114.317476,30.553333
湖北省荣军医院,医疗,综合医院,普通,(null),114.377626,30.506023
红旗小学(038乡道),教育,小学,普通,小学,114.179323,31.011238
百尚购物(铁机店),商业,大型超市,(null),(null),114.368273,30.602767
武昌火车站公交场站公交站,交通,公交站,(null),(null),114.314484,30.528685
武汉兰湖医院,医疗,综合医院,普通,(null),114.314362,30.509216
新洲一中(阳逻校区),教育,中学,普通,高中,114.583195,30.687644
武汉兰青肿瘤医院,医疗,专科医院,普通,(null),114.195238,30.688169
武汉纺织大学-医院,医疗,综合医院,普通,(null),114.397482,30.484941
武昌广东商城,商业,购物中心,(null),(null),114.299047,30.546974
家乐福(后湖),商业,大型超市,(null),(null),114.307383,30.65272
生活周刊广场,景观,公园,普通景点,(null),114.438196,30.447421
武汉市普仁江岸医院,医疗,综合医院,普通,(null),114.328516,30.63521
江夏区第四中学,教育,中学,普通,初中,114.313161,30.354945
罗汉商场,商业,购物中心,(null),(null),114.306988,30.954592
蔡甸区第一小学,教育,小学,普通,小学,114.033997,30.587304
中南荟,商业,购物中心,(null),(null),114.332989,30.532878
朝阳街余氏墩公交站,交通,公交站,(null),(null),114.145842,30.599492
武汉市武珞路中学,教育,中学,重点,初中,114.328678,30.536761
江大路九万方公交站,交通,公交站,(null),(null),114.291962,30.618377
武汉市第四十九中学,教育,中学,普通,高中,114.405615,30.647527
东澜岸广场,商业,购物中心,(null),(null),114.263432,30.432761
西大街小学,教育,小学,重点,小学,114.268736,30.539017
武昌区三角路小学,教育,小学,普通,小学,114.327548,30.580214
马房山地铁站,交通,地铁站,非换乘,(在建)11号线二期;8号线,114.350368,30.515495
阳光购物中心(烟酒副食店),商业,购物中心,(null),(null),114.618345,30.788854
彭刘杨地铁站,交通,地铁站,非换乘,5号线,114.30138,30.541015
天紫广场,商业,购物中心,(null),(null),114.332751,30.537906
二龙潭公园,景观,公园,普通景点,(null),114.368537,30.859406
潘塘街初级中学,教育,中学,普通,初中,114.902814,30.999919
华中科技大学同济医学院附属协和医院,医疗,综合医院,三甲,(null),114.274723,30.584057
武汉K11Select,商业,购物中心,(null),(null),114.41289,30.493297
江腾国际广场,商业,购物中心,(null),(null),114.25583,30.536987
华联易购特价批发购物中心(佳海环形路店),商业,购物中心,(null),(null),114.237474,30.732069
万达广场菱角湖店A1座,商业,购物中心,(null),(null),114.267102,30.609819
雄楚大道BRT珞狮路站快速公交站,交通,公交站,(null),(null),114.353078,30.510255
江汉区循礼门m商场,商业,购物中心,(null),(null),114.286108,30.583709
育才家园小学,教育,小学,普通,小学,114.32149,30.647339
长江医院,医疗,综合医院,普通,(null),114.286291,30.618744
钢都花园购物广场,商业,大型超市,(null),(null),114.368449,30.613623
大咀村公交站,交通,公交站,(null),(null),114.307496,30.712708
陈长春骨科医院,医疗,专科医院,普通,(null),114.744853,30.827132
古田四路地铁站,交通,地铁站,非换乘,1号线,114.211532,30.589347
金银潭广场,商业,购物中心,(null),(null),114.243173,30.64986
武汉市陆家街中学,教育,中学,普通,初中,114.298594,30.516994
八叠山生命公园,景观,公园,普通景点,(null),114.400507,30.631947
季佳荟·新华家园,商业,购物中心,(null),(null),114.264987,30.626387
武汉玛雅海滩水公园,景观,公园,普通景点,(null),114.397942,30.594956
乐都汇(石牌岭路),商业,购物中心,(null),(null),114.335908,30.516469
黄陂区甘棠小学,教育,小学,普通,小学,114.583556,30.884663
武汉市光谷第二初级中学,教育,中学,普通,初中,114.441026,30.503829
武汉仁和医院,医疗,综合医院,普通,(null),114.26159,30.572518
古田二路地铁站,交通,地铁站,非换乘,1号线,114.196667,30.597536
毗邻购物中心(清华园店),商业,大型超市,(null),(null),114.076372,30.31781
天河街杨新湾公交站,交通,公交站,(null),(null),114.199644,30.811306
汉口江滩,景观,公园,普通景点,(null),114.319424,30.610162
武汉市二桥中学,教育,中学,重点,初中,114.21034,30.568473
武昌火车站地铁站,交通,地铁站,换乘二线,4号线;7号线,114.316449,30.530624
G318长乐园公交站,交通,公交站,(null),(null),114.444336,30.880907
高新二路有轨电车站,交通,公交站,(null),(null),114.533903,30.47538
鲁班广场,景观,公园,普通景点,(null),114.833326,30.826785
姚集小学,教育,小学,普通,小学,114.376468,31.216238
湖北省妇女儿童医院,医疗,专科医院,普通,(null),114.3534,30.527947
武商量贩(武泰闸店),商业,大型超市,(null),(null),114.30262,30.519171
永丰广场A座,商业,购物中心,(null),(null),114.415522,30.516527
芳草路地铁站,交通,地铁站,非换乘,(在建)11号线四期;(在建)12号线,114.202145,30.528261
健吾假日广场,商业,购物中心,(null),(null),114.391988,30.632476
美联·公园,景观,公园,普通景点,(null),114.334168,30.661833
同生正骨医院,医疗,专科医院,普通,(null),114.268474,30.591121
江岸区新村小学,教育,小学,普通,小学,114.314787,30.628076
红星小学,教育,小学,普通,小学,114.177661,30.939241
天下先生态园,景观,公园,普通景点,(null),114.008547,30.767454
武汉市新洲区人民医院,医疗,综合医院,三甲,(null),114.803638,30.843087
C2时尚广场,商业,购物中心,(null),(null),114.316471,30.623213
湖北省人民医院双向转诊医院,医疗,专科医院,普通,(null),114.309762,30.534697
天河街殷喻湾公交站,交通,公交站,(null),(null),114.2524,30.834306
天河街大方湾公交站,交通,公交站,(null),(null),114.195722,30.811703
航空路小学,教育,小学,普通,小学,114.26235,30.588078
新荣地铁站,交通,地铁站,非换乘,1号线,114.334533,30.655893
东华路北华街公交站,交通,公交站,(null),(null),114.34161,30.358724
前进二路小学,教育,小学,普通,小学,114.285027,30.576452
八桑山生命公园,景观,公园,普通景点,(null),114.381227,30.620417
武商量贩(胭脂路店),商业,大型超市,(null),(null),114.308897,30.548747
复兴路小学保安街校区,教育,小学,普通,小学,114.300281,30.528092
公正路地铁站,交通,地铁站,非换乘,(在建)12号线,114.336751,30.555637
红花路公交站,交通,公交站,(null),(null),114.312096,30.423346
古田三路地铁站,交通,地铁站,非换乘,1号线,114.20474,30.593382
湖北省水果湖高级中学,教育,中学,普通,高中,114.346209,30.549153
武汉市砺志中学,教育,中学,普通,初中,114.272912,30.621208
常青花园地铁站,交通,地铁站,换乘二线,2号线;6号线,114.242435,30.640564
红霞游园,景观,公园,普通景点,(null),114.253956,30.423296
光谷三路湿地公园,景观,公园,普通景点,(null),114.47047,30.504888
湖北武汉672肿瘤科医院,医疗,专科医院,普通,(null),114.367024,30.521163
武汉市中医医院(二桥分院),医疗,综合医院,普通,(null),114.21322,30.565855
武汉市友谊路中学,教育,中学,普通,初中,114.278473,30.577893
武商广场购物中心,商业,购物中心,(null),(null),114.269923,30.580304
汇和城购物中心,商业,购物中心,(null),(null),114.242463,30.640925
中百仓储(武东路店),商业,大型超市,(null),(null),114.456423,30.579387
武汉市育才高级中学,教育,中学,普通,高中,114.299058,30.603039
焦沙公路新集公交站,交通,公交站,(null),(null),114.47898,30.661832
沃尔玛(宗关西汇店),商业,大型超市,(null),(null),114.222956,30.584563
中南财经政法大学首义校区医院(武珞路辅路),医疗,综合医院,普通,(null),114.314567,30.537747
法泗中学,教育,中学,普通,初中,114.170577,30.160442
杨家湾地铁站,交通,地铁站,非换乘,2号线,114.382732,30.505122
枫树一路有轨电车站,交通,公交站,(null),(null),114.127515,30.472233
蓝江商城,商业,购物中心,(null),(null),114.299411,30.544679
华夏学院站有轨电车站,交通,公交站,(null),(null),114.408861,30.466857
卫星村小学,教育,小学,普通,小学,114.26107,30.588155
新洲人民广场,景观,公园,普通景点,(null),114.796929,30.827997
江夏中心百货,商业,购物中心,(null),(null),114.313259,30.348461
码头潭公园地铁站,交通,地铁站,换乘二线,1号线;6号线,114.123644,30.631684
武汉环球广场,商业,购物中心,(null),(null),114.289575,30.701397
雄楚大道BRT珞雄路站快速公交站,交通,公交站,(null),(null),114.403946,30.497738
沙湖公园,景观,公园,普通景点,(null),114.324842,30.556407
高新大道BRT关山大道站快速公交站,交通,公交站,(null),(null),114.412955,30.49711
华中科技大学同济医学院医院,医疗,综合医院,普通,(null),114.260059,30.585755
堤角小学B区,教育,小学,普通,小学,114.342672,30.663609
六指街胜红村公交站,交通,公交站,(null),(null),114.496674,30.821259
江城大道地铁站,交通,地铁站,非换乘,6号线,114.202216,30.496388
武汉江南脑科医院,医疗,专科医院,普通,(null),114.379792,30.591727
阳逻高中公交站,交通,公交站,(null),(null),114.581506,30.663438
武汉红桥脑科医院急诊,医疗,专科医院,普通,(null),114.277706,30.620818
流行视窗购物广场(珞瑜路店),商业,购物中心,(null),(null),114.353873,30.525893
沃尔玛(武汉黄陂广场分店),商业,大型超市,(null),(null),114.374899,30.880649
二七公园,景观,公园,普通景点,(null),114.318248,30.624827
华中科技大学同济医学院附属同济医院(光谷院区),医疗,综合医院,三甲,(null),114.463594,30.487581
武汉光谷实验中学,教育,中学,普通,初中,114.414096,30.457923
旺山公园,景观,公园,普通景点,(null),114.393063,30.510525
武汉二十六中,教育,中学,普通,高中,114.245206,30.57608
古玩珠宝城前广场,景观,公园,普通景点,(null),114.369831,30.517784
湖北省中医药大学附属国医医院,医疗,综合医院,普通,(null),114.29814,30.588506
丽红购物广场(站前路店),商业,购物中心,(null),(null),114.437905,30.609991
武汉太医堂中医院,医疗,专科医院,普通,(null),114.2906,30.598296
后湖大道地铁站,交通,地铁站,换乘二线,(在建)21号线二期/阳逻线;21号线/阳逻线;3号线,114.304127,30.650284
江夏实验高级中学,教育,中学,普通,高中,114.323789,30.340855
花山水上乐园,景观,公园,普通景点,(null),114.345309,30.349097
解放大道宝丰路公交站,交通,公交站,(null),(null),114.250295,30.576293
万达广场(菱角湖店),商业,购物中心,(null),(null),114.26868,30.610103
燕梅购物中心,商业,大型超市,(null),(null),114.610863,30.489933
武汉市第六医院江汉大学附属医院,医疗,综合医院,普通,(null),114.289586,30.600292
光谷生物园地铁站,交通,地铁站,非换乘,11号线,114.481231,30.48761
六指街大咀垸公交站,交通,公交站,(null),(null),114.481115,30.767114
挖沟中学,教育,中学,普通,初中,114.742042,30.612346
知音地铁站,交通,地铁站,非换乘,4号线,114.091765,30.556845
友谊路地铁站,交通,地铁站,非换乘,1号线,114.278415,30.580865
武汉大学附属中山医院,医疗,综合医院,三甲,(null),114.255041,30.569285
雄楚大道BRT卓刀泉南路站快速公交站,交通,公交站,(null),(null),114.364899,30.50849
思源广场,景观,公园,普通景点,(null),114.353239,30.520532
常悦路常超街公交站,交通,公交站,(null),(null),114.242795,30.612977
光谷购物广场(光谷店),商业,大型超市,(null),(null),114.430709,30.504738
九真小学,教育,小学,普通,小学,113.907744,30.470629
武昌中华路小学橡树湾校区,教育,小学,普通,小学,114.34939,30.611117
三层楼地铁站,交通,地铁站,非换乘,5号线,114.314532,30.569462
姚集中学,教育,中学,普通,初中,114.378048,31.216108
乐天城,商业,购物中心,(null),(null),114.354417,30.525489
丹水池地铁站,交通,地铁站,非换乘,(在建)12号线;1号线,114.330017,30.643386
奥体中心站有轨电车站,交通,公交站,(null),(null),114.470586,30.470901
黄海路地铁站,交通,地铁站,非换乘,(在建)12号线,114.227951,30.600305
利济北路地铁站,交通,地铁站,非换乘,1号线,114.270119,30.577433
地下商场(珞喻路店),商业,购物中心,(null),(null),114.362,30.52431
天河街杨庄湾公交站,交通,公交站,(null),(null),114.197348,30.811992
团结公园,景观,公园,普通景点,(null),114.381997,30.597014
南太子湖绿道二期,景观,公园,普通景点,(null),114.185031,30.498541
武汉市中医医院台北院区,医疗,综合医院,普通,(null),114.281215,30.596727
德成·汉南广场,商业,购物中心,(null),(null),114.071586,30.306896
武汉市第十九初级中学(南),教育,中学,普通,初中,114.285979,30.580936
武汉市光谷第六小学,教育,小学,普通,小学,114.412102,30.472938
武汉理工大学附属小学,教育,小学,普通,小学,114.346357,30.515704
中国人民解放军空降兵部队医院,医疗,综合医院,普通,(null),114.305051,30.621422
武商量贩(农科城店),商业,大型超市,(null),(null),114.331663,30.482391
常青实验小学,教育,小学,普通,小学,114.235587,30.648421
狮城汇,商业,购物中心,(null),(null),114.349227,30.508143
红坊里·众诚汇,商业,购物中心,(null),(null),114.384661,30.628229
暨济商城(沿河大道),商业,购物中心,(null),(null),114.275491,30.563241
黄金口地铁站,交通,地铁站,非换乘,(在建)11号线三期新汉阳火车站段;4号线,114.145387,30.564055
王家墩公园,景观,公园,普通景点,(null),114.248206,30.60254
江夏区中医医院,医疗,综合医院,普通,(null),114.317701,30.343144
嘉德公园,景观,公园,普通景点,(null),114.234901,30.625891
工业四路地铁站,交通,地铁站,非换乘,4号线,114.405848,30.607996
武汉儿童医院,医疗,专科医院,普通,(null),114.287702,30.602756
高新五路有轨电车站,交通,公交站,(null),(null),114.441304,30.444708
江汉印象城,商业,购物中心,(null),(null),114.290748,30.576796
购物公园,商业,购物中心,(null),(null),114.409387,30.459139
沃尔玛,商业,大型超市,(null),(null),114.410689,30.478392
汉正街第一大道银座,商业,购物中心,(null),(null),114.276505,30.565793
尚街购物中心,商业,购物中心,(null),(null),114.124964,30.547638
武汉市青山区钢花小学(园林路校区),教育,小学,重点,小学,114.371364,30.606915
武昌区三道街小学,教育,小学,普通,小学,114.304166,30.54644
桃源集亲子小镇水乐园,景观,公园,普通景点,(null),114.3227,30.745967
东亭地铁站,交通,地铁站,非换乘,4号线,114.355809,30.570267
沃尔玛(武汉杨家湾分店),商业,大型超市,(null),(null),114.379062,30.506672
柏泉路丰李湾公交站,交通,公交站,(null),(null),114.127007,30.724987
东部购物公园,商业,购物中心,(null),(null),114.316471,30.623194
水菓湖儿童公园,景观,公园,普通景点,(null),114.345009,30.546612
金银潭地铁站,交通,地铁站,换乘二线,2号线,114.242807,30.650412
武汉市东湖医院,医疗,专科医院,普通,(null),114.396585,30.536372
武商量贩(东湖庭园店),商业,大型超市,(null),(null),114.381127,30.590105
崇仁路地铁站,交通,地铁站,非换乘,1号线,114.261901,30.573909
市骨科医院,医疗,专科医院,普通,(null),114.267258,30.566008
井冈山小学,教育,小学,重点,小学,114.263245,30.571533
光谷同济医院地铁站,交通,地铁站,非换乘,11号线,114.466409,30.485267
武汉市第六十三中学,教育,中学,普通,初中,114.246145,30.575943
武汉市铁四院学校小学部,教育,小学,普通,小学,114.344316,30.604098
青山商场,商业,购物中心,(null),(null),114.402937,30.639209
三角路地铁站,交通,地铁站,非换乘,5号线,114.325308,30.58134
西郊公园,景观,公园,普通景点,(null),114.134045,30.633265
武商MALL·武广南区,商业,购物中心,(null),(null),114.270434,30.579786
武汉市洪山高级中学,教育,中学,普通,高中,114.38724,30.490273
何家垅地铁站,交通,地铁站,非换乘,(在建)12号线,114.331469,30.547673
武商亚贸广场购物中心,商业,购物中心,(null),(null),114.342762,30.529261
武汉市中心医院,医疗,综合医院,普通,(null),114.27443,30.574495
雄楚大道BRT楚平路站快速公交站,交通,公交站,(null),(null),114.382266,30.503963
宝通寺地铁站,交通,地铁站,非换乘,2号线,114.341206,30.530349
纸贺路徐和湾公交站,交通,公交站,(null),(null),114.318589,30.29829
武汉市第五医院(显正街),医疗,综合医院,三甲,(null),114.271513,30.547885
湖北中医药大学校医院,医疗,综合医院,普通,(null),114.315871,30.55012
枫树三路有轨电车站,交通,公交站,(null),(null),114.117358,30.467488
万科城市花园公交站,交通,公交站,(null),(null),114.40977,30.459692
武汉荟聚,商业,购物中心,(null),(null),114.167514,30.617138
汉江北路公交站,交通,公交站,(null),(null),114.048993,30.575048
长嘉百货批发城(太平洋农贸市场店),商业,购物中心,(null),(null),114.212206,30.594666
乐淘陶造物空间,商业,购物中心,(null),(null),114.290062,30.581121
关山漾,商业,购物中心,(null),(null),114.411187,30.480442
武湖街扇子湖公交站,交通,公交站,(null),(null),114.460686,30.734722
人从众生态园,景观,公园,普通景点,(null),114.04805,30.712097
湖北省武汉市黄陂三中,教育,中学,普通,高中,114.356865,31.097298
天河街下分湾公交站,交通,公交站,(null),(null),114.194562,30.778437
万科城市花园站有轨电车站,交通,公交站,(null),(null),114.405584,30.460048
武汉外国语学校,教育,中学,重点,高中,114.269431,30.583884
中国地质大学医院,医疗,综合医院,普通,(null),114.40321,30.520956
临空西街南公交站,交通,公交站,(null),(null),114.260286,30.771931
武汉市心理医院,医疗,专科医院,普通,(null),114.309024,30.624813
武商量贩(江夏店),商业,大型超市,(null),(null),114.308894,30.348988
武汉广爱医院,医疗,专科医院,普通,(null),114.257201,30.634822
永旺(凯德广场店),商业,大型超市,(null),(null),114.266965,30.568994
华中师大一附中,教育,中学,普通,高中,114.391363,30.453568
鸽翅岭喻家台公交站,交通,公交站,(null),(null),113.971211,30.537374
武昌区千家街小学,教育,小学,普通,小学,114.31646,30.534851
武汉市第一医院,医疗,综合医院,三甲,(null),114.272247,30.572202
邾城二中,教育,中学,普通,初中,114.80703,30.845912
武汉大学同仁医院,医疗,综合医院,普通,(null),114.302168,30.540049
天河街方桥村公交站,交通,公交站,(null),(null),114.191914,30.809822
光华路小学,教育,小学,普通,小学,114.293161,30.604792
武汉虎泉医院,医疗,专科医院,普通,(null),114.368951,30.514299
石门峰纪念公园,景观,公园,普通景点,(null),114.315283,30.543684
梦湖公园,景观,公园,普通景点,(null),114.272252,30.649295
佳园路地铁站,交通,地铁站,非换乘,2号线,114.430905,30.500021
王家墩东地铁站,交通,地铁站,换乘二线,2号线;7号线,114.263288,30.594245
金银湖小学,教育,小学,普通,小学,114.223496,30.627932
黄鹤楼公园,景观,公园,5A级景区,(null),114.306225,30.543301
星火小学,教育,小学,普通,小学,114.275407,30.569023
花福街橘园公交站,交通,公交站,(null),(null),114.514839,30.52247
蔡甸广场,景观,公园,普通景点,(null),114.04226,30.573879
团结大道地铁站,交通,地铁站,非换乘,(在建)12号线,114.362457,30.591804
广达商厦,商业,购物中心,(null),(null),114.806279,30.843665
洋葱omall(江夏店),商业,购物中心,(null),(null),114.31128,30.419765
汉西一路地铁站,交通,地铁站,非换乘,1号线,114.218822,30.585491
华中科技大学地铁站,交通,地铁站,非换乘,2号线,114.414237,30.50741
拦江路地铁站,交通,地铁站,非换乘,4号线,114.269012,30.542917
青山印象城公交站,交通,公交站,(null),(null),114.388788,30.631171
戴家湖公园,景观,公园,普通景点,(null),114.415466,30.63861
光谷第四小学,教育,小学,普通,小学,114.427331,30.508395
武外英中沿河校区小学部,教育,小学,普通,小学,114.255794,30.56559
将军路文化广场,景观,公园,普通景点,(null),114.255456,30.649874
天河街杨家榨公交站,交通,公交站,(null),(null),114.215004,30.825929
武汉康健妇婴医院,医疗,专科医院,普通,(null),114.239017,30.554418
双李路双建村公交站,交通,公交站,(null),(null),114.292847,30.458255
金龙水寨生态乐园,景观,公园,普通景点,(null),113.931546,30.541228
纸贺路老屋胡公交站,交通,公交站,(null),(null),114.32875,30.28276
新河街地铁站,交通,地铁站,非换乘,7号线,114.317111,30.56256
金山大道金桥公交站,交通,公交站,(null),(null),114.196749,30.640868
香草花田玖凤孔雀园,景观,公园,普通景点,(null),113.891115,30.510983
白鹤嘴郊野公园,景观,公园,普通景点,(null),114.138949,30.591464
家乐福(建设大道),商业,大型超市,(null),(null),114.285546,30.606813
武汉大学口腔医院(唐家墩分院),医疗,专科医院,普通,(null),114.272944,30.614517
武汉华康医院,医疗,综合医院,普通,(null),114.212405,30.563894
南干渠游园,景观,公园,普通景点,(null),114.396966,30.625684
罗汉寺街花石公交站,交通,公交站,(null),(null),114.289757,30.922387
未来城购物中心,商业,购物中心,(null),(null),114.353209,30.524931
蔡甸区幸福路中学,教育,中学,普通,初中,114.025243,30.574907
鹦鹉洲汉阳桥梁主题公园,景观,公园,普通景点,(null),114.273742,30.535648
武汉体育学院地铁站,交通,地铁站,非换乘,(在建)11号线二期,114.377616,30.517402
菱角湖公园,景观,公园,普通景点,(null),114.270626,30.608439
六指街吴湾公交站,交通,公交站,(null),(null),114.560026,30.830486
金银湖公园地铁站,交通,地铁站,非换乘,6号线,114.180894,30.636899
中南路地铁站,交通,地铁站,换乘二线,2号线;4号线,114.332959,30.537528
天河街刘辛村公交站,交通,公交站,(null),(null),114.239149,30.814366
三角湖地铁站,交通,地铁站,非换乘,3号线,114.179686,30.516507
四新南路地铁站,交通,地铁站,非换乘,(在建)12号线,114.215404,30.512932
武汉市第六中学,教育,中学,普通,高中,114.291715,30.602845
协和肿瘤医院,医疗,专科医院,普通,(null),114.262856,30.612993
武汉市洪山中学,教育,中学,普通,高中,114.353526,30.5318
万润达购物广场(九峰店),商业,大型超市,(null),(null),114.482713,30.498342
武汉市第四中学,教育,中学,普通,高中,114.219986,30.587114
武昌火车站东广场快速公交站,交通,公交站,(null),(null),114.31865,30.526827
武昌江滩,景观,公园,普通景点,(null),114.323074,30.588254
ICC太和里商业广场,商业,购物中心,(null),(null),114.262043,30.590339
武汉燕岭医院,医疗,综合医院,普通,(null),113.98285,30.682067
华中师范大学医院中楼,医疗,综合医院,普通,(null),114.362474,30.519612
武汉钢铁(集团)公司第二职工医院,医疗,综合医院,普通,(null),114.487646,30.60236
中百仓储(烽火店),商业,大型超市,(null),(null),114.298989,30.51202
得胜港有轨电车站,交通,公交站,(null),(null),114.064864,30.400539
武昌未来实验小学(南湖校区),教育,小学,普通,小学,114.311243,30.505466
神墩五路有轨电车站,交通,公交站,(null),(null),114.51255,30.472207
人信·武胜里购物中心,商业,购物中心,(null),(null),114.267174,30.572527
名流城市广场,商业,购物中心,(null),(null),114.275784,30.709079
琴台绿化广场,景观,公园,普通景点,(null),114.263473,30.552228
武汉市育才可立小学,教育,小学,普通,小学,114.316146,30.660113
余家头地铁站,交通,地铁站,非换乘,(在建)10号线一期;5号线,114.352171,30.608032
华润武钢总医院,医疗,综合医院,普通,(null),114.403484,30.632114
汉水公园,景观,公园,普通景点,(null),114.214738,30.575297
武汉市武昌医院南湖院区,医疗,综合医院,三甲,(null),114.340717,30.491875
径河地铁站,交通,地铁站,非换乘,1号线,114.120828,30.659055
武汉市诊疗中心,医疗,专科医院,普通,(null),114.204874,30.593015
武汉安山国家湿地公园,景观,公园,普通景点,(null),114.242368,30.096555
前进村地铁站,交通,地铁站,非换乘,6号线,114.253366,30.520144
武汉市将军路中学,教育,中学,普通,高中,114.249291,30.655451
洪山区广埠屯小学(和平分校),教育,小学,普通,小学,114.347788,30.59306
黄陂前川一中,教育,中学,普通,初中,114.38018,30.880043
武汉市江夏区第一小学,教育,小学,普通,小学,114.321706,30.344718
新洲区凤凰镇中心小学,教育,小学,普通,小学,114.757887,30.920876
幸福湾地铁站,交通,地铁站,非换乘,21号线/阳逻线,114.344101,30.672102
武湖滨江公园,景观,公园,普通景点,(null),114.398994,30.692403
武汉市第十七中学,教育,中学,普通,高中,114.227754,30.580931
军民村公交站,交通,公交站,(null),(null),114.513598,30.707313
武汉市汉口医院,医疗,综合医院,普通,(null),114.300229,30.625602
刘店学校公交站,交通,公交站,(null),(null),114.303655,30.707409
武汉楚天医院,医疗,专科医院,普通,(null),114.266008,30.593375
马鞍山森林公园-湿地公园,景观,公园,普通景点,(null),114.431785,30.530034
双凤亭公园,景观,公园,普通景点,(null),114.389602,30.869725
汉南区中医医院,医疗,综合医院,普通,(null),114.076682,30.30137
武汉国际广场,商业,购物中心,(null),(null),114.272092,30.580115
三店地铁站,交通,地铁站,非换乘,1号线,114.120804,30.649056
武汉野生动物王国,景观,公园,普通景点,(null),113.945737,30.55508
金水闸公交站,交通,公交站,(null),(null),114.134801,30.300427
新沟镇小学,教育,小学,普通,小学,113.952554,30.695952
晟世·芳草地,商业,购物中心,(null),(null),114.298194,30.542572
武汉瑞祥中西医骨科医院,医疗,专科医院,普通,(null),114.220771,30.584962
华为武汉基地站有轨电车站,交通,公交站,(null),(null),114.531814,30.495239
新崇光时尚广场(天瑞国际店),商业,购物中心,(null),(null),114.274393,30.58159
甘棠中学,教育,中学,普通,初中,114.584344,30.87722
武商城市奥莱,商业,购物中心,(null),(null),114.377101,30.6268
世茂·天街,商业,购物中心,(null),(null),114.317994,30.449358
红旗街红花路公交站,交通,公交站,(null),(null),114.313819,30.389987
新洲区第一初级中学,教育,中学,普通,初中,114.799313,30.850495
武汉市育才怡康小学A校区,教育,小学,普通,小学,114.311944,30.645565
洪山江滩,景观,公园,普通景点,(null),114.263189,30.492052
新民初级中学,教育,中学,普通,初中,113.99241,30.475216
宁安路幸福巷公交站,交通,公交站,(null),(null),114.318069,30.335907
滨湖社区有轨电车站,交通,公交站,(null),(null),114.14438,30.481575
湖北中医药大学附属中西医结合医院,医疗,综合医院,普通,(null),114.272553,30.571618
武汉九峰森林动物园,景观,公园,普通景点,(null),114.492511,30.500334
惠济二路地铁站,交通,地铁站,非换乘,3号线,114.291463,30.612937
钢城第一小学,教育,小学,重点,小学,114.377009,30.618217
武汉市优抚医院,医疗,专科医院,普通,(null),114.260712,30.616603
市民之家地铁站,交通,地铁站,非换乘,3号线,114.296806,30.661297
佛祖岭站有轨电车站,交通,公交站,(null),(null),114.443088,30.439864
武商量贩(惠济店),商业,大型超市,(null),(null),114.28834,30.606095
新农中学,教育,中学,普通,初中,114.083438,30.561811
武汉市新华下路中学,教育,中学,普通,初中,114.257508,30.630471
武汉市石化医院,医疗,综合医院,普通,(null),114.433114,30.657294
武汉体育学院医院,医疗,综合医院,普通,(null),114.38102,30.516999
武汉市光谷第五小学,教育,小学,普通,小学,114.375788,30.461541
武汉市汉口医院(二七院区),医疗,综合医院,普通,(null),114.320184,30.62807
九真森林公园,景观,公园,普通景点,(null),113.943177,30.457696
华中科技大学同济省直医院,医疗,综合医院,普通,(null),114.345584,30.543874
白马购物中心,商业,购物中心,(null),(null),114.083587,30.310294
中部战区总医院(汉口院区),医疗,综合医院,三甲,(null),114.308772,30.615921
湖北科技学院附属耳鼻喉医院,医疗,专科医院,普通,(null),114.285743,30.623394
星汇维港购物中心,商业,购物中心,(null),(null),114.250212,30.569264
塔子湖地铁站,交通,地铁站,非换乘,8号线,114.280364,30.652594
永旺百货,商业,购物中心,(null),(null),114.204996,30.502057
谌家矶地铁站,交通,地铁站,非换乘,21号线/阳逻线,114.37312,30.683869
湖北省中西医结合医院民航分院,医疗,综合医院,三甲,(null),114.239656,30.627701
体育馆小学,教育,小学,普通,小学,114.262829,30.57572
南太子湖地铁站,交通,地铁站,非换乘,16号线,114.220062,30.476763
汉口江滩儿童友好公园,景观,公园,普通景点,(null),114.32213,30.616009
横店中心小学,教育,小学,普通,小学,114.29537,30.803251
武汉盘龙城一中,教育,中学,普通,高中,114.295721,30.702487
小东门地铁站,交通,地铁站,非换乘,7号线,114.318461,30.545012
国际网球中心站有轨电车站,交通,公交站,(null),(null),114.465502,30.470876
地勘广场,景观,公园,普通景点,(null),114.399829,30.520802
友谊文体广场,景观,公园,普通景点,(null),114.118638,30.609194
健康街华隆路公交站,交通,公交站,(null),(null),114.288294,30.655972
金潭路地铁站,交通,地铁站,非换乘,8号线,114.28404,30.6772
光谷第六初级中学,教育,中学,普通,初中,114.491882,30.470067
武汉济和医院,医疗,综合医院,三甲,(null),114.032442,30.571495
曙光小学,教育,小学,普通,小学,114.395289,30.896795
龙阳村地铁站,交通,地铁站,非换乘,3号线,114.206329,30.552879
武汉送子鸟不孕症医院,医疗,专科医院,普通,(null),114.19116,30.601014
黄孝公路砖厂公交站,交通,公交站,(null),(null),114.309701,30.910981
康福路李家村公交站,交通,公交站,(null),(null),114.387348,30.495334
吴家山第三小学,教育,小学,普通,小学,114.141101,30.629596
茶园广场,景观,公园,普通景点,(null),114.538308,30.92455
七里庙地铁站,交通,地铁站,非换乘,4号线,114.231208,30.556688
武钢二医院心理专科院区,医疗,专科医院,普通,(null),114.473914,30.597929
高科园二路有轨电车站,交通,公交站,(null),(null),114.527431,30.47316
盘龙城生态园,景观,公园,普通景点,(null),114.328493,30.755548
武汉市东亭学校小学部,教育,小学,普通,小学,114.355098,30.563774
新竹路有轨电车站,交通,公交站,(null),(null),114.411436,30.489989
汉商银座知音站台,商业,购物中心,(null),(null),114.265632,30.548998
武湖东风小学,教育,小学,普通,小学,114.417338,30.696143
和平大世界8-17城,商业,购物中心,(null),(null),114.353384,30.611366
江博购物中心(江博社区店),商业,大型超市,(null),(null),114.245344,30.526743
邓甲新城生活广场,商业,购物中心,(null),(null),114.253775,30.541052
黄家湖湿地公园,景观,公园,普通景点,(null),114.291658,30.42287
华商平价广场(汪集店),商业,购物中心,(null),(null),114.708923,30.777926
取水楼地铁站,交通,地铁站,非换乘,7号线,114.274655,30.597634
黄陂区人民医院盘龙城院区,医疗,综合医院,普通,(null),114.260462,30.716345
孔埠中学,教育,中学,普通,初中,114.673841,30.80619
虎泉地铁站,交通,地铁站,非换乘,(在建)11号线二期;2号线,114.370478,30.512359
硃山湖大道有轨电车站,交通,公交站,(null),(null),114.08676,30.448714
青鱼嘴地铁站,交通,地铁站,非换乘,4号线,114.349884,30.56372
武汉市第三中学高中,教育,中学,普通,高中,114.215597,30.529162
车友路康达街公交站,交通,公交站,(null),(null),114.194682,30.542177
湖北省中西医结合医院江北分部,医疗,综合医院,普通,(null),114.278228,30.589689
太平洋地铁站,交通,地铁站,非换乘,(在建)12号线;1号线,114.240741,30.574025
宁安路青鸽巷公交站,交通,公交站,(null),(null),114.315842,30.33727
武汉植物园基地,景观,公园,普通景点,(null),114.419944,30.542585
建乐村小学,教育,小学,普通,小学,114.259364,30.569939
锦绣山城市生态公园,景观,公园,普通景点,(null),114.397415,30.32252
硃山湖南站有轨电车站,交通,公交站,(null),(null),114.091099,30.434664
泊龙湾商业广场,商业,购物中心,(null),(null),114.055499,30.504003
武汉市老年病医院,医疗,专科医院,普通,(null),114.395578,30.53697
滕子岗地铁站,交通,地铁站,非换乘,1号线,114.341474,30.674527
蔡甸区第三小学,教育,小学,普通,小学,114.025708,30.586604
兴业医院,医疗,综合医院,普通,(null),114.296022,30.638655
武汉市育才汉口小学,教育,小学,普通,小学,114.26897,30.630993
储光谷购物广场,商业,购物中心,(null),(null),114.419441,30.506764
人信汇(汉阳店),商业,购物中心,(null),(null),114.204763,30.551453
银泰创意城,商业,购物中心,(null),(null),114.356574,30.526436
沌阳大道地铁站,交通,地铁站,非换乘,3号线,114.157139,30.489376
武大园站有轨电车站,交通,公交站,(null),(null),114.401984,30.455573
秦园路地铁站,交通,地铁站,非换乘,(在建)12号线,114.339662,30.576473
江岸区余华岭小学,教育,小学,普通,小学,114.291754,30.648433
沃尔玛(江夏店),商业,大型超市,(null),(null),114.325754,30.367467
新天大道集贤公交站,交通,公交站,(null),(null),114.114293,30.550464
金台中学,教育,中学,普通,高中,114.62438,30.712677
万科西半岛小学,教育,小学,普通,小学,114.170655,30.656019
常福中学,教育,中学,普通,初中,114.04591,30.426732
武汉市武昌首义中学,教育,中学,普通,初中,114.3032,30.533171
季佳·里美好广场,商业,购物中心,(null),(null),114.248298,30.538927
凤凰湖公园,景观,公园,普通景点,(null),114.215933,30.522618
武汉市南湖中学(北校区),教育,中学,重点,初中,114.311734,30.515185
湖北省武昌水果湖第二小学,教育,小学,重点,小学,114.343432,30.548631
武汉火车站公交站,交通,公交站,(null),(null),114.426592,30.607354
常青公园,景观,公园,普通景点,(null),114.238304,30.619713
巨龙湖生态园,景观,公园,普通景点,(null),114.073881,30.744917
黄陂第四中学-黄陂职校实训基地,教育,中学,普通,职业学校,114.49716,30.867262
四新大道地铁站,交通,地铁站,非换乘,(在建)11号线四期;3号线,114.194631,30.535228
瑞华医院,医疗,综合医院,普通,(null),114.349034,30.565796
阳光购物中心,商业,大型超市,(null),(null),114.843468,30.873585
洪山菜苔公园,景观,公园,普通景点,(null),114.33976,30.519366
武汉市中北路中学,教育,中学,普通,初中,114.348215,30.556065
武汉京都泌尿外科医院,医疗,专科医院,普通,(null),114.346279,30.593698
武汉市第二中学,教育,中学,普通,高中,114.308002,30.606691
中百仓储(铁桥广场店),商业,大型超市,(null),(null),114.226654,30.563063
官莲湖车辆基地有轨电车站,交通,公交站,(null),(null),114.067407,30.402293
红桥文化广场,商业,购物中心,(null),(null),114.284982,30.613465
车城大道有轨电车站,交通,公交站,(null),(null),114.143963,30.489085
海天欢乐购,商业,购物中心,(null),(null),114.211388,30.562874
武汉四美塘公园,景观,公园,普通景点,(null),114.338306,30.596483
武汉市第六中学高中部,教育,中学,普通,高中,114.291058,30.602389
刘店小学,教育,小学,普通,小学,114.309373,30.693295
司隆广场,商业,购物中心,(null),(null),114.297325,30.538059
天一街小学,教育,小学,普通,小学,114.279635,30.573865
武汉阳逻万达广场,商业,购物中心,(null),(null),114.604333,30.691232
湘隆时代广场,商业,购物中心,(null),(null),114.168204,30.498151
湖北省职业病医院,医疗,专科医院,普通,(null),114.274108,30.608157
白玉公园,景观,公园,普通景点,(null),114.49048,30.598805
复兴路地铁站,交通,地铁站,换乘二线,4号线;5号线,114.301349,30.534307
文化广场,景观,公园,普通景点,(null),114.199191,30.626269
武汉市第三医院(首义院区),医疗,综合医院,三甲,(null),114.302706,30.540573
武汉弘济骨科医院,医疗,专科医院,普通,(null),114.29053,30.61294
武汉西藏中学,教育,中学,普通,高中,114.420535,30.58633
武汉汉口北嘉年华主题乐园,景观,公园,普通景点,(null),114.326255,30.703395
武汉同济生殖医学专科医院,医疗,专科医院,普通,(null),114.300946,30.599172
首义路地铁站,交通,地铁站,非换乘,4号线,114.308531,30.533612
武东路武东公交站,交通,公交站,(null),(null),114.454201,30.578919
凌云路区党校公交站,交通,公交站,(null),(null),114.123989,30.637713
汉南区育才小学,教育,小学,普通,小学,114.075605,30.309063
武汉真爱妇产医院,医疗,专科医院,普通,(null),114.3744,30.505491
武汉市致远学校,教育,中学,普通,初中,114.297184,30.614261
武汉世纪国医堂中医医院,医疗,专科医院,普通,(null),114.232189,30.576642
龙阳时代购物中心,商业,购物中心,(null),(null),114.207398,30.551856
常青城地铁站,交通,地铁站,非换乘,2号线,114.25506,30.658775
万松园路小学,教育,小学,重点,小学,114.265038,30.591261
湖北省妇幼保健院武钢分院,医疗,专科医院,普通,(null),114.395408,30.641009
汉钢地铁站,交通,地铁站,非换乘,(在建)12号线,114.233985,30.565303
家乐福(十升),商业,大型超市,(null),(null),114.210718,30.560782
创业街站有轨电车站,交通,公交站,(null),(null),114.412923,30.502118
湖北经济学院医院,医疗,综合医院,普通,(null),114.428868,30.417216
汉阳火车站地铁站,交通,地铁站,非换乘,4号线,114.252849,30.551732
武汉市新洲区中医医院,医疗,综合医院,普通,(null),114.80545,30.851931
将军一路银杏街公交站,交通,公交站,(null),(null),114.256398,30.645755
武汉市第四初级中学,教育,中学,重点,初中,114.217621,30.586882
左岭商城,商业,购物中心,(null),(null),114.62125,30.490235
铁机路地铁站,交通,地铁站,非换乘,4号线,114.368895,30.583897
泛悦·南国广场,商业,购物中心,(null),(null),114.2228,30.585039
后湖公园,景观,公园,普通景点,(null),114.307433,30.657308
堤角公园,景观,公园,普通景点,(null),114.338385,30.66159
和平游乐园,景观,公园,普通景点,(null),114.388325,30.634868
武汉市第一中学,教育,中学,普通,高中,114.258344,30.623944
城铁汤逊湖站有轨电车站,交通,公交站,(null),(null),114.386342,30.444631
武汉市关山中学,教育,中学,普通,高中,114.408718,30.496431
光谷五路有轨电车站,交通,公交站,(null),(null),114.501978,30.470626
汉鑫广场,商业,购物中心,(null),(null),114.332586,30.712157
江夏区精神医院,医疗,专科医院,普通,(null),114.30879,30.405183
武汉华夏医院,医疗,综合医院,普通,(null),114.33396,30.531764
赛博珞珈胡同,商业,购物中心,(null),(null),114.358767,30.525556
复兴村地铁站,交通,地铁站,非换乘,(在建)12号线,114.237192,30.613451
华侨城湿地公园,景观,公园,普通景点,(null),114.387937,30.588104
雄楚大道BRT元宝山站快速公交站,交通,公交站,(null),(null),114.357033,30.510286
武珞路小学石牌岭分校,教育,小学,普通,小学,114.340342,30.519941
武汉科技大学医院,医疗,综合医院,普通,(null),114.264397,30.443451
循礼门地铁站,交通,地铁站,换乘二线,1号线;2号线,114.285992,30.585234
武汉市江岸区一元路小学,教育,小学,重点,小学,114.304061,30.592218
武汉市七一中学(武汉天地校区),教育,中学,重点,高中,114.313797,30.611539
武汉市第二十中学,教育,中学,普通,高中,114.296595,30.587148
京汉学校,教育,小学,普通,小学,114.323345,30.633583
张家湾地铁站,交通,地铁站,非换乘,5号线,114.29331,30.495453
长港路小学,教育,小学,普通,小学,114.249168,30.630763
家乐福(汉阳钟家村),商业,大型超市,(null),(null),114.264993,30.550098
江滩生态公园,景观,公园,普通景点,(null),114.371468,30.672234
武汉友好医院,医疗,综合医院,普通,(null),114.266684,30.542245
永旺梦乐城A馆,商业,购物中心,(null),(null),114.206303,30.505103
新洲区骨伤专科医院,医疗,专科医院,普通,(null),114.79629,30.846495
武黄大道新店公交站,交通,公交站,(null),(null),114.587418,30.514818
武汉市汉铁高级中学,教育,中学,普通,高中,114.32154,30.657723
湖北省武昌实验小学,教育,小学,重点,小学,114.296639,30.538846
玉龙路地铁站,交通,地铁站,非换乘,4号线,114.201403,30.564519
白沙六路地铁站,交通,地铁站,非换乘,5号线,114.293232,30.468726
销品茂中商百货,商业,购物中心,(null),(null),114.342235,30.587696
额头湾地铁站,交通,地铁站,非换乘,1号线,114.155941,30.61846
听语公园,景观,公园,普通景点,(null),114.194789,30.639368
民权路王家巷公交站,交通,公交站,(null),(null),114.292904,30.570438
义乌商贸城,商业,购物中心,(null),(null),114.307992,30.5215
游艺路小学,教育,小学,普通,小学,114.274827,30.572577
中百百货,商业,购物中心,(null),(null),114.134284,30.61998
二七路地铁站,交通,地铁站,非换乘,(在建)10号线一期;1号线,114.318749,30.625032
武汉海昌极地海洋公园,景观,公园,4A级景区,(null),114.277902,30.664398
富安街地铁站,交通,地铁站,非换乘,(在建)12号线,114.320289,30.500692
六指街江李田公交站,交通,公交站,(null),(null),114.495026,30.85918
武汉市同仁医院住院部,医疗,综合医院,普通,(null),114.411109,30.499264
武汉市建港中学,教育,中学,普通,高中,114.256545,30.526677
松茅公路龚湾公交站,交通,公交站,(null),(null),113.937687,30.503646
流行视窗购物广场(卓豹店),商业,购物中心,(null),(null),114.38408,30.505586
新城小学,教育,小学,普通,小学,114.148274,30.489617
硚口公园,景观,公园,普通景点,(null),114.256838,30.570364
昙华林武胜门地铁站,交通,地铁站,非换乘,5号线,114.305282,30.554209
中百仓储(秦园路店),商业,大型超市,(null),(null),114.345877,30.578597
大洋龙阳百货专卖店,商业,购物中心,(null),(null),114.208652,30.560929
高新大道BRT光谷大道站快速公交站,交通,公交站,(null),(null),114.423641,30.494657
恺撒宫,景观,公园,普通景点,(null),114.393174,30.593522
永安堂地铁站,交通,地铁站,非换乘,4号线,114.188919,30.566446
汉江堤复元村公交站,交通,公交站,(null),(null),113.970055,30.655148
武汉市马房山中学,教育,中学,普通,初中,114.351707,30.515498
板桥地铁站,交通,地铁站,非换乘,7号线,114.313464,30.474294
崇仁路小学,教育,小学,重点,小学,114.258513,30.57487
龙湾街公交站,交通,公交站,(null),(null),114.313248,30.359232
武汉市拦江堤中学,教育,中学,普通,初中,114.238558,30.516744
武咸公路廖桥公交站,交通,公交站,(null),(null),114.264918,30.307687
辛安渡小学,教育,小学,普通,小学,113.928573,30.747882
永旺梦乐城(武汉金银潭店),商业,购物中心,(null),(null),114.237878,30.650288
随州街楠山巷公交站,交通,公交站,(null),(null),114.410417,30.625356
沃尔玛(武汉中山大道分店),商业,大型超市,(null),(null),114.291292,30.576593
武汉大学附属中学初中部,教育,中学,普通,初中,114.365751,30.530534
山泉路路口公交站,交通,公交站,(null),(null),114.324206,30.26431
柏木岭北公园,景观,公园,普通景点,(null),114.309401,30.441056
常悦路常飞街公交站,交通,公交站,(null),(null),114.240938,30.612201
武汉汉纸医院,医疗,综合医院,普通,(null),114.201715,30.460466
云尚·武汉国际时尚中心-A馆,商业,购物中心,(null),(null),114.279028,30.572112
楚河汉街地铁站,交通,地铁站,非换乘,4号线,114.341415,30.553848
太极广场,景观,公园,普通景点,(null),114.335073,30.559964
华中农业大学医院,医疗,综合医院,普通,(null),114.353293,30.473822
琴台公园,景观,公园,普通景点,(null),114.246303,30.557322
武湖街蔡家咀公交站,交通,公交站,(null),(null),114.457054,30.724476
武汉仁爱合美口腔医院,医疗,专科医院,普通,(null),114.310421,30.601067
天河机场2号航站楼公交站,交通,公交站,(null),(null),114.212692,30.771046
印象城IN巷,商业,购物中心,(null),(null),114.391023,30.631392
武汉保利广场,商业,购物中心,(null),(null),114.410385,30.490946
柳林公园,景观,公园,普通景点,(null),114.416932,30.652536
新路村地铁站,交通,地铁站,非换乘,7号线,114.318411,30.441596
临江公园,景观,公园,普通景点,(null),114.389995,30.644958
马应龙肛肠医院,医疗,专科医院,普通,(null),114.327692,30.537278
武汉市东西湖区将军路小学,教育,小学,普通,小学,114.260062,30.648751
宏图大道地铁站,交通,地铁站,换乘三线,2号线;3号线;8号线,114.277759,30.670353
武汉亚洲心脏病医院,医疗,专科医院,普通,(null),114.28221,30.582993
中百仓储(沙湖店),商业,大型超市,(null),(null),114.312797,30.557842
永安中心小学,教育,小学,普通,小学,113.937815,30.456399
东湖海洋世界游乐场,景观,公园,普通景点,(null),114.380181,30.574555
长丰路周冲街公交站,交通,公交站,(null),(null),114.575538,30.663676
乌龙泉小学,教育,小学,普通,小学,114.334644,30.259167
立新小学,教育,小学,普通,小学,114.355758,31.214565
钢都花园露天广场,景观,公园,普通景点,(null),114.367979,30.611882
天河街河沁街公交站,交通,公交站,(null),(null),114.227812,30.799388
武汉火车站地铁站,交通,地铁站,非换乘,(在建)10号线新港线一期;4号线,114.424376,30.607375
新洲二中,教育,中学,普通,高中,114.599177,30.830997
行知小学,教育,小学,普通,小学,114.265696,30.56579
三阳路地铁站,交通,地铁站,换乘二线,1号线;7号线,114.301348,30.598718
临时站公交站,交通,公交站,(null),(null),114.294944,30.384375
湖北省武昌实验中学,教育,中学,重点,高中,114.303214,30.552287
汉阳区妇幼保健院,医疗,专科医院,普通,(null),114.265614,30.550288
小龟山地铁站,交通,地铁站,非换乘,2号线,114.32652,30.551108
大汉口城,商业,购物中心,(null),(null),114.290317,30.579387
武汉市第十六中学,教育,中学,普通,初中,114.300312,30.5939
圣巴克度假村,景观,公园,普通景点,(null),114.988392,30.874617
前川街破院墙公交站,交通,公交站,(null),(null),114.427409,30.830968
中国光谷半岛生态体验园,景观,公园,普通景点,(null),114.484997,30.543346
裕美佳,商业,购物中心,(null),(null),114.260753,30.709888
华中师范大学附属小学,教育,小学,重点,小学,114.359973,30.521932
新洲区妇幼保健院,医疗,专科医院,普通,(null),114.79763,30.833897
武汉X118,商业,购物中心,(null),(null),114.290045,30.582477
二七小路地铁站,交通,地铁站,非换乘,(在建)10号线一期;3号线,114.307806,30.628847
武汉市第二初级中学(岱山校区),教育,中学,普通,初中,114.328457,30.665889
武汉市任家路中学,教育,中学,普通,初中,114.373792,30.622279
杨园铁四院地铁站,交通,地铁站,非换乘,5号线,114.342932,30.599653
博览路地铁站,交通,地铁站,非换乘,(在建)12号线,114.226799,30.507179
头道街地铁站,交通,地铁站,非换乘,1号线,114.313923,30.617818
梨山,景观,公园,普通景点,(null),114.57734,30.47268
光谷四路地铁站,交通,地铁站,非换乘,11号线,114.492018,30.489155
武汉商务区地铁站,交通,地铁站,换乘二线,(在建)10号线一期;3号线;7号线,114.246459,30.595975
东风·新城商业广场,商业,购物中心,(null),(null),114.15712,30.492578
武汉市洪山区珞狮路小学,教育,小学,普通,小学,114.348193,30.505918
家乐福(佰港城店),商业,大型超市,(null),(null),114.325895,30.502699
邾城章林小学,教育,小学,普通,小学,114.794265,30.830491
洪山小学,教育,小学,普通,小学,114.137201,30.478081
武汉国际时尚中心,商业,购物中心,(null),(null),114.276905,30.57077
百联奥特莱斯主题公园,商业,购物中心,(null),(null),114.257769,30.731483
洪山礼堂广场,景观,公园,普通景点,(null),114.348755,30.545151
大集中学,教育,中学,普通,初中,114.049233,30.506433
武胜路家乐福公交站,交通,公交站,(null),(null),114.268424,30.568542
中百仓储兴业南路东方明珠店,商业,购物中心,(null),(null),114.299259,30.636953
汉阳客运站地铁站,交通,地铁站,非换乘,3号线,114.189057,30.527807
蔡甸区红十字会医院,医疗,综合医院,普通,(null),114.037425,30.572021
湖北省地质医院,医疗,综合医院,普通,(null),114.372872,30.529032
华中小龟山金融文化公园,景观,公园,普通景点,(null),114.324338,30.550586
武汉市妇幼保健院,医疗,专科医院,普通,(null),114.288231,30.602245
鄱阳街小学分校,教育,小学,重点,小学,114.29899,30.588473
鲁台酒厂公交站,交通,公交站,(null),(null),114.395538,30.863659
麦德龙,商业,大型超市,(null),(null),114.356915,30.576833
天河街岱墙村公交站,交通,公交站,(null),(null),114.224271,30.82329
滨江生活广场,商业,购物中心,(null),(null),114.195036,30.591598
汉阳百货商场(大众流行百货店),商业,购物中心,(null),(null),114.267108,30.549477
湖北六七二中西医结合骨科医院,医疗,专科医院,普通,(null),114.366987,30.521107
红钢城地铁站,交通,地铁站,非换乘,5号线,114.401933,30.639332
江楚大道地铁站,交通,地铁站,非换乘,(在建)12号线,114.319838,30.491801
月亮湖郊野公园,景观,公园,普通景点,(null),114.309268,31.143113
黄陂区人民医院,医疗,综合医院,普通,(null),114.370802,30.887861
香港路儿童医院公交站,交通,公交站,(null),(null),114.287296,30.602569
东湖小学,教育,小学,普通,小学,114.459096,30.780148
钟家村小学,教育,小学,重点,小学,114.26402,30.548561
车轮广场有轨电车站,交通,公交站,(null),(null),114.156384,30.489849
莲花湖公园,景观,公园,普通景点,(null),114.277783,30.550965
武汉市光谷第一小学,教育,小学,重点,小学,114.416778,30.489881
洪山区南湖游园绿道,景观,公园,普通景点,(null),114.352184,30.480688
双墩地铁站,交通,地铁站,非换乘,(在建)12号线;3号线,114.232026,30.58666
武汉市第三十二中学,教育,中学,普通,高中,114.265852,30.534878
厚德康医院,医疗,综合医院,普通,(null),114.374401,30.584168
武汉K11购物艺术中心,商业,购物中心,(null),(null),114.265515,30.578995
青年路地铁站,交通,地铁站,非换乘,2号线,114.264757,30.585762
武汉江宸天街购物中心,商业,购物中心,(null),(null),114.260985,30.60705
武汉东西湖万达广场,商业,购物中心,(null),(null),114.177202,30.637673
长堰中学,教育,中学,普通,初中,114.451304,31.000294
仪表学校站有轨电车站,交通,公交站,(null),(null),114.444921,30.467133
湖北大学附属小学,教育,小学,普通,小学,114.336544,30.572053
水厂路小学,教育,小学,普通,小学,114.225977,30.582181
武汉市江汉区华中里小学,教育,小学,普通,小学,114.289038,30.581626
汉口春天公园,景观,公园,普通景点,(null),114.203223,30.595789
武汉大学第二附属小学(东湖路),教育,小学,普通,小学,114.34985,30.555008
塔耳中学,教育,中学,普通,初中,114.464324,31.096285
硚口区红旗村小学,教育,小学,普通,小学,114.270921,30.570203
沃尔玛(武汉徐东大街分店),商业,大型超市,(null),(null),114.343226,30.588278
集贤地铁站,交通,地铁站,非换乘,4号线,114.112285,30.550087
铜锣湾休闲佰惠广场,商业,购物中心,(null),(null),114.315311,30.348043
武警湖北省总队医院,医疗,综合医院,三甲,(null),114.31373,30.544594
堤角地铁站,交通,地铁站,非换乘,1号线,114.338273,30.665863
齐乐城时尚广场,商业,购物中心,(null),(null),114.331972,30.359274
轻工大学地铁站,交通,地铁站,非换乘,6号线,114.234368,30.639596
武汉大学中南医院,医疗,综合医院,三甲,(null),114.353516,30.553572
麦德龙会员店(武汉洪山店),商业,大型超市,(null),(null),114.357088,30.577877
武汉市第四医院武胜院区门诊,医疗,综合医院,普通,(null),114.26744,30.566351
武汉市武昌区民福老年病医院,医疗,专科医院,普通,(null),114.305563,30.54828
野芷湖地铁站,交通,地铁站,换乘二线,7号线;8号线,114.319502,30.460928
海底世界,景观,公园,普通景点,(null),114.380096,30.574331
武汉市第三十九中学,教育,中学,普通,高中,114.308476,30.535794
武商量贩(天顺园店),商业,大型超市,(null),(null),114.212872,30.612067
天兴洲大桥公园,景观,公园,普通景点,(null),114.408897,30.648917
大众口腔医院,医疗,专科医院,普通,(null),114.162798,30.507664
南湖公园(大华南湖公园世家中区东北),景观,公园,普通景点,(null),114.335449,30.495338
中央花园地铁站,交通,地铁站,非换乘,(在建)12号线,114.3196,30.511497
汉口北地铁站,交通,地铁站,非换乘,1号线,114.329481,30.711953
雄楚大道BRT熊家咀路站快速公交站,交通,公交站,(null),(null),114.391853,30.498276
洪山区井岗山小学,教育,小学,普通,小学,114.317375,30.518263
凯德广场,商业,购物中心,(null),(null),114.193452,30.597488
黄付木妇科门诊部,医疗,专科医院,普通,(null),114.342332,30.526513
常青公园盆景园,景观,公园,普通景点,(null),114.234059,30.619308
湖北省中西医结合医院直办,医疗,综合医院,普通,(null),114.239379,30.627581
汉江堤刘集村公交站,交通,公交站,(null),(null),113.937418,30.625881
金盛金银湖广场,商业,购物中心,(null),(null),114.202625,30.631857
竹叶海地铁站,交通,地铁站,非换乘,1号线,114.163868,30.615064
武汉市常青树实验学校,教育,小学,普通,初中,114.245041,30.647533
家乐福(闽东国际城店),商业,大型超市,(null),(null),114.265129,30.550112
五里墩地铁站,交通,地铁站,非换乘,4号线,114.241105,30.553977
武汉京都医院,医疗,专科医院,普通,(null),114.346301,30.593705
舵落口地铁站,交通,地铁站,非换乘,1号线,114.169464,30.609907
乘除机器人公园,景观,公园,普通景点,(null),114.271216,30.579603
幸福桥有轨电车站,交通,公交站,(null),(null),114.076588,30.408575
马鹦路地铁站,交通,地铁站,非换乘,6号线,114.266799,30.537882
华中大站有轨电车站,交通,公交站,(null),(null),114.411697,30.507454
武汉市江夏中央大公园,景观,公园,普通景点,(null),114.316301,30.380836
宋岗路三店村公交站,交通,公交站,(null),(null),114.239566,30.735256
常码头地铁站,交通,地铁站,非换乘,7号线,114.23479,30.604632
高科园路有轨电车站,交通,公交站,(null),(null),114.521665,30.472812
C立方·时尚汇,商业,购物中心,(null),(null),114.286857,30.584934
武汉市常码头中学,教育,中学,普通,初中,114.232322,30.60667
1828武汉新天地(中山大道店),商业,购物中心,(null),(null),114.279833,30.573367
武汉阿波罗医院,医疗,专科医院,普通,(null),114.266596,30.617783
季佳·荟百步亭,商业,购物中心,(null),(null),114.315176,30.653073
武汉市第九医院,医疗,综合医院,普通,(null),114.379874,30.623733
家乐福,商业,大型超市,(null),(null),114.316085,30.625148
马德里时尚百货,商业,购物中心,(null),(null),114.40432,30.503288
武汉市东湖风景区东湖小学,教育,小学,普通,小学,114.366116,30.56505
枫树六路有轨电车站,交通,公交站,(null),(null),114.1015,30.460756
泛悦悦购馆,商业,购物中心,(null),(null),114.350675,30.513333
武汉天霖中西医结合肾病医院,医疗,专科医院,普通,(null),114.254607,30.613603
新福茂·中央广场,商业,购物中心,(null),(null),114.032509,30.580634
武汉市钢城第八中学,教育,中学,普通,初中,114.372606,30.616333
武汉市第二十三中学,教育,中学,普通,高中,114.216402,30.554793
大吕路有轨电车站,交通,公交站,(null),(null),114.486681,30.472001
武汉植物园新园区,景观,公园,普通景点,(null),114.530355,30.501459
赵家条地铁站,交通,地铁站,换乘二线,3号线;8号线,114.297076,30.617866
新荣客运站地铁站,交通,地铁站,非换乘,21号线/阳逻线,114.332763,30.657595
武汉市江夏区大桥中学,教育,中学,普通,高中,114.313406,30.411251
汉正街地铁站,交通,地铁站,非换乘,6号线,114.274677,30.571218
宝善街小学,教育,小学,普通,小学,114.274805,30.569076
天使公园,景观,公园,普通景点,(null),114.276884,30.568326
江夏大道庙山新村公交站,交通,公交站,(null),(null),114.372296,30.397539
钟家村寄宿学校,教育,小学,普通,小学,114.269434,30.548092
珞雄路地铁站,交通,地铁站,非换乘,2号线,114.404846,30.50688
田文街陈家墩公交站,交通,公交站,(null),(null),114.186723,30.591046
武汉市福惠医院,医疗,综合医院,普通,(null),114.239606,30.608006
融侨悦动公园,景观,公园,普通景点,(null),114.366834,30.607016
武汉颐养护理院住院部,医疗,综合医院,普通,(null),114.400866,30.615363
梦泽湖公园,景观,公园,普通景点,(null),114.243424,30.591191
武昌中华路小学,教育,小学,重点,小学,114.299847,30.549712
华中科技大学同济医学院附属同济医院,医疗,综合医院,三甲,(null),114.259913,30.579561
六指街徐林湾公交站,交通,公交站,(null),(null),114.552873,30.825716
后湖四路地铁站,交通,地铁站,非换乘,(在建)12号线,114.29604,30.638079
六渡桥地铁站,交通,地铁站,非换乘,6号线,114.28427,30.574991
土桐公路潘湾公交站,交通,公交站,(null),(null),114.000143,30.396483
江汉中西医结合医院,医疗,综合医院,普通,(null),114.294197,30.573735
东湖音乐公园,景观,公园,普通景点,(null),114.41426,30.538394
仁和路地铁站,交通,地铁站,非换乘,4号线,114.38909,30.605179
钢城六中,教育,中学,普通,初中,114.388868,30.627315
韩家墩小学,教育,小学,重点,小学,114.217282,30.585327
凯信后湖生活广场,商业,购物中心,(null),(null),114.294393,30.654537
汉南区薇湖公园,景观,公园,普通景点,(null),114.07026,30.305927
张家湾小学,教育,小学,普通,小学,114.28943,30.49935
金港运动公园,景观,公园,普通景点,(null),114.192101,30.370762
武汉瑞华医院住院部,医疗,综合医院,普通,(null),114.349145,30.565883
流芳园横路有轨电车站,交通,公交站,(null),(null),114.437529,30.457517
武汉趣谷,景观,公园,普通景点,(null),114.127541,30.432051
光谷大道站有轨电车站,交通,公交站,(null),(null),114.425187,30.464398
社区集购物中心(鲤跃龙门店),商业,购物中心,(null),(null),114.233692,30.52721
武汉堤角爱康中西医结合医院,医疗,综合医院,普通,(null),114.334972,30.655887
天河街河清街公交站,交通,公交站,(null),(null),114.224401,30.801957
三角湖小学(博学校区),教育,小学,普通,小学,114.156532,30.508134
江夏文化商城,商业,购物中心,(null),(null),114.315849,30.347861
新洲区辛冲二中,教育,中学,普通,高中,114.834693,30.828587
云飞路地铁站,交通,地铁站,非换乘,3号线,114.252144,30.605164
季佳·里汉桥小镇(汉桥城中花园D区店),商业,购物中心,(null),(null),114.228083,30.548965
梁子湖大道花博园,景观,公园,普通景点,(null),114.419904,30.32736
十五中地铁站,交通,地铁站,非换乘,(在建)12号线,114.326665,30.536419
新兰广场,商业,购物中心,(null),(null),114.052774,30.503208
街心盆景公园,景观,公园,普通景点,(null),114.047908,30.440853
武汉市第二十八中学,教育,中学,普通,初中,114.280783,30.587391
洪福公园,景观,公园,普通景点,(null),114.352105,30.506748
六指街张家岗公交站,交通,公交站,(null),(null),114.495781,30.84898
华中科技大学协和医院门诊楼,医疗,综合医院,普通,(null),114.274629,30.583013
新洲区汪集中学,教育,中学,普通,初中,114.710098,30.771138
武汉梧桐妇产医院,医疗,专科医院,普通,(null),114.380659,30.612581
武汉张鸿民骨伤专科医院,医疗,专科医院,普通,(null),114.370835,30.520306
水果湖第一小学,教育,小学,重点,小学,114.348846,30.543876
汉口回民小学,教育,小学,普通,小学,114.284403,30.570081
湖北省第三人民医院,医疗,综合医院,三甲,(null),114.25358,30.568921
武汉小学(中南校区),教育,小学,普通,小学,114.330791,30.536442
祁家湾街下店公交站,交通,公交站,(null),(null),114.281328,30.859731
联城路郭徐岭公交站,交通,公交站,(null),(null),114.154479,30.489935
永旺梦乐城(武汉经开店),商业,购物中心,(null),(null),114.20595,30.503804
江汉大学医院,医疗,综合医院,普通,(null),114.162971,30.508965
江汉区惠康里小学,教育,小学,普通,小学,114.280183,30.58042
武昌文华中学,教育,中学,普通,初中,114.304454,30.549194
武汉市第十一中学(南区),教育,中学,普通,高中,114.261212,30.568671
杨柳堤江滩公园,景观,公园,普通景点,(null),114.039138,30.589073
松汇购物中心,商业,购物中心,(null),(null),114.800546,30.841016
汉阳公园,景观,公园,普通景点,(null),114.269161,30.550883
关山荷兰风情园,景观,公园,普通景点,(null),114.399174,30.493868
谭鑫培公园,景观,公园,普通景点,(null),114.323812,30.369464
武汉市七十九中学,教育,中学,普通,初中,114.186777,30.604948
武汉市第七十五中学,教育,中学,普通,初中,114.27768,30.578989
田园街三中公交站,交通,公交站,(null),(null),114.130013,30.620304
武汉市翠微中学,教育,中学,普通,初中,114.248066,30.549851
司门口黄鹤楼地铁站,交通,地铁站,非换乘,5号线,114.302183,30.546899
武汉市江夏区第二中学,教育,中学,普通,初中,114.314861,30.346027
武商MALL·中心广场,商业,购物中心,(null),(null),114.271022,30.579661
后官湖医院,医疗,专科医院,普通,(null),114.120155,30.469158
关山大道地铁站,交通,地铁站,非换乘,(在建)11号线二期,114.411969,30.497192
沃尔玛(武汉印象城分店),商业,大型超市,(null),(null),114.391363,30.632238
武汉市汉阳区弘桥小学,教育,小学,普通,小学,114.273775,30.551542
汉口城市广场购物中心,商业,购物中心,(null),(null),114.306636,30.65195
滠口新城地铁站,交通,地铁站,非换乘,1号线,114.342372,30.684553
黄狮海公园,景观,公园,普通景点,(null),114.151044,30.646009
湖北大中中医院,医疗,综合医院,普通,(null),114.322521,30.530985
武汉金地广场-购物中心,商业,购物中心,(null),(null),114.384035,30.6037
步行街省中医院站有轨电车站,交通,公交站,(null),(null),114.406638,30.506341
泛悦MALL(泛悦·南国广场店),商业,购物中心,(null),(null),114.222797,30.584938
运铎公园,景观,公园,普通景点,(null),114.016555,30.590127
麦德龙(武汉硚口商场),商业,大型超市,(null),(null),114.212366,30.587129
武汉市先锋中学,教育,中学,普通,高中,114.270173,30.61413
武汉一初慧泉中学,教育,中学,重点,初中,114.285266,30.579454
香港路地铁站,交通,地铁站,换乘三线,3号线;6号线;7号线,114.284769,30.605235
华罗利广场,商业,购物中心,(null),(null),114.396168,30.483272
武汉初级中学,教育,中学,普通,初中,114.331246,30.520237
植物园,景观,公园,普通景点,(null),114.524063,30.714775
十里铺地铁站,交通,地铁站,非换乘,(在建)12号线;4号线,114.219444,30.55932
王家湾地铁站,交通,地铁站,换乘二线,3号线;4号线,114.210348,30.562121
武汉市黄陂区实验中学(南区),教育,中学,普通,初中,114.381215,30.871858
三六O四医院,医疗,综合医院,普通,(null),114.24121,30.576589
常飞街常悦路公交站,交通,公交站,(null),(null),114.241107,30.610994
华中科技大学同济医学院附属梨园医院,医疗,综合医院,三甲,(null),114.378824,30.581872
四棵松广场,景观,公园,普通景点,(null),114.296284,30.537607
永旺梦乐城(武汉金桥店),商业,购物中心,(null),(null),114.284222,30.630993
拾光之丘口袋公园,景观,公园,普通景点,(null),114.125206,30.612732
杨汊湖地铁站,交通,地铁站,非换乘,6号线,114.261081,30.635814
武汉市黄陂爱民医院,医疗,综合医院,普通,(null),114.378561,30.877524
季佳·荟雄楚,商业,购物中心,(null),(null),114.390196,30.498361
街道口地铁站,交通,地铁站,换乘二线,2号线;8号线,114.353503,30.526597
上东汇商业广场,商业,购物中心,(null),(null),114.310492,30.614843
建新商贸城,商业,购物中心,(null),(null),114.031826,30.578593
沌口地铁站,交通,地铁站,非换乘,16号线,114.20521,30.462005
花山生态湿地公园,景观,公园,普通景点,(null),114.497679,30.56092
六指街庙湾公交站,交通,公交站,(null),(null),114.44431,30.819501
天立枭鹏广场,商业,购物中心,(null),(null),114.430713,30.586278
国博中心南地铁站,交通,地铁站,换乘二线,(在建)12号线;16号线;6号线,114.235797,30.504431
六指街熊老湾公交站,交通,公交站,(null),(null),114.49527,30.854313
武汉市第三十六中学,教育,中学,普通,初中,114.243989,30.603688
六指街新农村公交站,交通,公交站,(null),(null),114.567587,30.832296
武汉市荷包湖小学,教育,小学,普通,小学,113.980538,30.694923
花桥小学,教育,小学,重点,小学,114.282705,30.614988
武汉百佳妇产医院,医疗,专科医院,普通,(null),114.304698,30.624778
新河街小学,教育,小学,普通,小学,114.31767,30.574025
湖北省妇幼保健院街道口院区,医疗,专科医院,普通,(null),114.35225,30.528073
刘大公路许湾公交站,交通,公交站,(null),(null),114.480694,30.783377
鸡公山公园,景观,公园,普通景点,(null),114.490522,30.490745
六指街余郑湾公交站,交通,公交站,(null),(null),114.495979,30.84211
花桥商品城,商业,购物中心,(null),(null),114.284625,30.618304
双隆商贸城,商业,购物中心,(null),(null),114.282498,30.571453
红领巾学校阳光校区,教育,小学,重点,小学,114.249722,30.626659
沃尔玛(武汉南湖花园分店),商业,大型超市,(null),(null),114.325034,30.505321
武昌区中南路小学,教育,小学,普通,小学,114.339641,30.541055
湖北蔡甸桐湖省级湿地公园,景观,公园,普通景点,(null),113.950154,30.382182
武汉市粮道街中学,教育,中学,普通,初中,114.315805,30.547134
武昌区回民小学,教育,小学,普通,小学,114.306249,30.52521
高新四路有轨电车站,交通,公交站,(null),(null),114.43889,30.45092
中百仓储(黄陂南德新都店),商业,大型超市,(null),(null),114.379967,30.870559
青少年宫小学,教育,小学,普通,小学,114.281525,30.590062
武昌医院西区-外科楼,医疗,综合医院,普通,(null),114.341661,30.602344
群西线上杨垱公交站,交通,公交站,(null),(null),114.227839,30.892201
欢乐汇,商业,购物中心,(null),(null),114.339475,30.506316
武汉一初慧泉中学前进校区,教育,中学,普通,初中,114.285283,30.579462
武汉木兰湖太阳岛旅游度假村,景观,公园,3A级景区,(null),114.481045,31.070444
汉口火车站公交站,交通,公交站,(null),(null),114.252218,30.614774
武汉市新洲区邾城街第二小学,教育,小学,普通,小学,114.803007,30.845731
湖北省水果湖第一中学,教育,中学,普通,初中,114.344385,30.550339
黄商购物中心(阳逻万达店),商业,购物中心,(null),(null),114.604109,30.690344
夏小中医院,医疗,综合医院,普通,(null),114.252278,30.613667
群西线下徐湾公交站,交通,公交站,(null),(null),114.213012,30.900408
美好市集(服投广场店),商业,购物中心,(null),(null),114.142749,30.622317
黄陵正街有轨电车站,交通,公交站,(null),(null),114.081226,30.411837
药圣广场,景观,公园,普通景点,(null),114.33599,30.559161
湖北春华慈善医院,医疗,专科医院,普通,(null),114.264129,30.586299
武汉市常青第一学校,教育,小学,普通,小学,114.233704,30.634278
华中师大一附中初中部,教育,中学,普通,初中,114.382392,30.506207
季佳·荟(新华家园店),商业,购物中心,(null),(null),114.264457,30.626781
悦活里生活广场,商业,购物中心,(null),(null),114.335067,30.480039
园林路武丰村公交站,交通,公交站,(null),(null),114.374175,30.60395
天河中学,教育,中学,普通,初中,114.217851,30.802472
兴达商业中心,商业,购物中心,(null),(null),114.153768,30.488588
金凯购物中心,商业,购物中心,(null),(null),114.16168,30.496953
双柳航天公园,景观,公园,普通景点,(null),114.697757,30.598311
群西线东吴湾公交站,交通,公交站,(null),(null),114.218173,30.894735
取水楼小学,教育,小学,普通,小学,114.270089,30.593209
洪山公园,景观,公园,普通景点,(null),114.344089,30.534081
湖北大学地铁站,交通,地铁站,非换乘,7号线,114.32947,30.577805
汉江堤徐家台公交站,交通,公交站,(null),(null),113.983329,30.632691
群西线下杨垱公交站,交通,公交站,(null),(null),114.224661,30.893763
韵湖公园,景观,公园,普通景点,(null),114.378624,30.453837
血防医院,医疗,专科医院,普通,(null),114.03327,30.578884
武汉市钢城第四中学,教育,中学,普通,初中,114.394325,30.634251
育才第二寄宿小学,教育,小学,普通,小学,114.28854,30.613426
振兴路小学(东区),教育,小学,普通,小学,114.247733,30.604624
武汉利济医院,医疗,综合医院,普通,(null),114.272642,30.569912
武汉市卓刀泉中学,教育,中学,普通,高中,114.372678,30.519293
武商量贩(南湖店),商业,大型超市,(null),(null),114.320398,30.503947
奥风路有轨电车站,交通,公交站,(null),(null),114.477065,30.471246
群西线小童湾公交站,交通,公交站,(null),(null),114.201849,30.909839
武汉汉阳万达广场,商业,购物中心,(null),(null),114.199788,30.531011
颐湖公园,景观,公园,普通景点,(null),114.28622,30.650622
协和骨科医院,医疗,专科医院,普通,(null),114.275979,30.584158
武汉经济技术开发区第二初级中学,教育,中学,普通,初中,114.176727,30.464439
百尚购物中心(大全景店),商业,购物中心,(null),(null),114.408093,30.719544
硚口区紫润学校,教育,小学,普通,小学,114.213134,30.620057
汉阳区德才小学,教育,小学,普通,小学,114.20665,30.569448
武汉市育才第二小学,教育,小学,重点,小学,114.287596,30.612846
新沟桥小学,教育,小学,普通,小学,114.398355,30.633911
武汉大学人民医院东院,医疗,综合医院,三甲,(null),114.440689,30.441391
金银湖龙舟文化公园,景观,公园,普通景点,(null),114.190282,30.64628
黄浦路地铁站,交通,地铁站,换乘二线,1号线;8号线,114.308156,30.608404
武汉商职医院门诊,医疗,综合医院,普通,(null),114.291285,30.568491
世茂52+,商业,购物中心,(null),(null),114.273507,30.538456
常码头小学,教育,小学,普通,小学,114.23072,30.605093
江汉区北湖小学,教育,小学,普通,小学,114.274327,30.602505
湖北省中西医结合医院住院部,医疗,综合医院,普通,(null),114.273496,30.607701
内沙湖公园,景观,公园,普通景点,(null),114.314684,30.563456
胜洪小学,教育,小学,普通,小学,113.878143,30.446711
武汉市第一医院分院,医疗,综合医院,三甲,(null),114.255401,30.704323
新城路公交站,交通,公交站,(null),(null),114.079826,30.589023
滠口街道滠口小学,教育,小学,普通,小学,114.348875,30.708739
武汉市精神卫生中心,医疗,专科医院,三甲,(null),114.274281,30.574551
黄塘湖公园,景观,公园,普通景点,(null),114.266629,30.663173
武汉市第六初级中学,教育,中学,普通,初中,114.291599,30.599204
大智路地铁站,交通,地铁站,换乘二线,1号线;6号线,114.294967,30.592506
徐家棚地铁站,交通,地铁站,换乘二线,5号线;7号线;8号线,114.332095,30.588494
李家店路大章公交站,交通,公交站,(null),(null),114.400095,30.309709
解放公园,景观,公园,普通景点,(null),114.298029,30.608418
三角湖主题生态公园,景观,公园,普通景点,(null),114.170993,30.531911
六指街五房湾公交站,交通,公交站,(null),(null),114.551901,30.842131
黄陂区木兰玫瑰园旅游购物中心,商业,购物中心,(null),(null),114.44045,31.022397
武汉康骨中医院,医疗,专科医院,普通,(null),114.289826,30.613383
神墩三路有轨电车站,交通,公交站,(null),(null),114.533922,30.481047
万达广场(经开店),商业,购物中心,(null),(null),114.174648,30.507031
倒口湖防洪科普公园,景观,公园,普通景点,(null),114.388394,30.638418
武汉市第十二中学,教育,中学,普通,高中,114.259962,30.588743
美奇国际广场,商业,购物中心,(null),(null),114.277932,30.572845
ATT时尚广场,商业,购物中心,(null),(null),114.400152,30.637581
武汉东湖海洋世界,景观,公园,3A级景区,(null),114.381,30.573883
武汉市楚才中学,教育,中学,普通,初中,114.222368,30.565068
武汉十一崇仁初级中学,教育,中学,重点,初中,114.258617,30.573928
群西线大吴湾公交站,交通,公交站,(null),(null),114.21612,30.895707
天鹅生态园,景观,公园,普通景点,(null),114.087331,30.622699
武汉市硚口区妇幼保健院,医疗,专科医院,普通,(null),114.164618,30.612862
胜利公园,景观,公园,普通景点,(null),114.280679,30.466065
武汉木兰妇科医院,医疗,专科医院,普通,(null),114.371897,30.873732
红钢城中学,教育,中学,普通,初中,114.406408,30.629895
中百仓储(墨水湖店),商业,大型超市,(null),(null),114.226173,30.552729
爱尚地1站,商业,购物中心,(null),(null),114.40083,30.505522
武汉市青山区吉林街小学(八大家花园校区),教育,小学,重点,小学,114.384536,30.626405
武汉市吴家山第三中学,教育,中学,普通,初中,114.130226,30.62108
新洲三中,教育,中学,普通,高中,114.570001,30.675393
岱黄辅道桃园公交站,交通,公交站,(null),(null),114.313112,30.758776
苗栗路地铁站,交通,地铁站,非换乘,6号线,114.289952,30.598804
徐州新村地铁站,交通,地铁站,非换乘,1号线,114.322936,30.631171
武汉市育才小学,教育,小学,重点,小学,114.284768,30.608789
SOMERSET(凯德广场店),商业,购物中心,(null),(null),114.266461,30.568986
凯乐生活广场,商业,购物中心,(null),(null),114.370805,30.511233
武汉市东湖中学,教育,中学,普通,高中,114.367908,30.573514
武汉市蔡甸区中医医院,医疗,综合医院,普通,(null),114.027066,30.577203
华中科技大学附属中学,教育,中学,普通,高中,114.42909,30.517366
佰昌·生态艺术公园,景观,公园,普通景点,(null),114.251351,30.700153
武汉经济技术开发区第一中学,教育,中学,普通,高中,114.154695,30.509987
武汉郑氏中医骨科医院,医疗,专科医院,普通,(null),114.250585,30.572881
武汉市第九中学,教育,中学,普通,初中,114.30254,30.529887
民族路集家嘴公交站,交通,公交站,(null),(null),114.28497,30.568646
枣林小学,教育,小学,普通,小学,114.384876,30.924102
横花线花石公交站,交通,公交站,(null),(null),114.292261,30.92217
武汉中和彩色植物生态园,景观,公园,普通景点,(null),113.996171,30.645865
石桥地铁站,交通,地铁站,非换乘,(在建)12号线;6号线,114.265265,30.630637
恒大城市广场,商业,购物中心,(null),(null),114.171791,30.661503
大洋百货(光谷店),商业,购物中心,(null),(null),114.40166,30.505807
武汉新特中医院,医疗,综合医院,普通,(null),114.258984,30.633129
大集街心公园,景观,公园,普通景点,(null),114.047547,30.502302
新天大道新天公交站,交通,公交站,(null),(null),114.125226,30.552214
兴业路地铁站,交通,地铁站,非换乘,(在建)12号线;3号线,114.30422,30.641133
怡和医院,医疗,综合医院,普通,(null),114.247362,30.622296
钢都花园地铁站,交通,地铁站,非换乘,(在建)10号线一期;(在建)12号线,114.36945,30.611706
武汉市光谷豹澥第一小学,教育,小学,普通,小学,114.554774,30.461217
宗关地铁站,交通,地铁站,换乘二线,1号线;3号线,114.224975,30.580306
万达百货(东风大道),商业,购物中心,(null),(null),114.173768,30.506917
硚口路地铁站,交通,地铁站,非换乘,1号线,114.250444,30.571547
洪山区梨园小学,教育,小学,普通,小学,114.367463,30.578329
吉祥花谷,景观,公园,普通景点,(null),114.085873,30.700656
前川街石门店公交站,交通,公交站,(null),(null),114.432131,30.878802
武商量贩(龙庭店),商业,大型超市,(null),(null),114.318969,30.65537
中百仓储(荣华东村店),商业,大型超市,(null),(null),114.212027,30.640461
光谷七路有轨电车站,交通,公交站,(null),(null),114.533923,30.489344
四新中路地铁站,交通,地铁站,非换乘,(在建)12号线,114.207231,30.518046
罗家港地铁站,交通,地铁站,非换乘,4号线,114.37154,30.5928
武汉(新洲)佳人医院,医疗,综合医院,普通,(null),114.808007,30.832619
武汉仁生医院,医疗,综合医院,普通,(null),114.567156,30.653555
口袋公园,景观,公园,普通景点,(null),114.307289,30.629435
五福路公交站,交通,公交站,(null),(null),114.30661,30.60003
黄陂·木兰国际广场,商业,购物中心,(null),(null),114.366231,30.878698
麦德龙(武汉环球广场店),商业,大型超市,(null),(null),114.290063,30.701186
万家湖中路公交站,交通,公交站,(null),(null),114.196059,30.470482
武汉市吴家山中学,教育,中学,重点,高中,114.134607,30.631033
泛悦坊(都会店),商业,购物中心,(null),(null),114.314697,30.510426
洪福添美广场,商业,购物中心,(null),(null),114.398645,30.497479
国博中心北地铁站,交通,地铁站,非换乘,(在建)11号线四期;6号线,114.242654,30.510581
文荟街书城路公交站,交通,公交站,(null),(null),114.34003,30.507491
宝岛公园,景观,公园,普通景点,(null),114.284332,30.597736
阅马场,景观,公园,普通景点,(null),114.306071,30.540553
黄家湖医院,医疗,综合医院,普通,(null),114.268668,30.451798
武汉市第二十五中学,教育,中学,普通,初中,114.322715,30.54277
武昌区徐东路小学,教育,小学,普通,小学,114.344317,30.594185
柏泉路窑上湾公交站,交通,公交站,(null),(null),114.127625,30.722454
前川街易庄村公交站,交通,公交站,(null),(null),114.431667,30.870781
六指街王家院公交站,交通,公交站,(null),(null),114.441875,30.829414
泛悦Mall(北都店),商业,购物中心,(null),(null),114.266309,30.627133
都会轩M+购物广场,商业,购物中心,(null),(null),114.286312,30.583947
悦心汇(世界城光谷步行街店),商业,购物中心,(null),(null),114.404509,30.5058
东湖水世界,景观,公园,普通景点,(null),114.381144,30.574445
黄陂区中医医院住院部,医疗,综合医院,普通,(null),114.376175,30.871519
利济中心小学,教育,小学,普通,小学,113.981441,30.583824
武汉市江夏区第一初级中学,教育,中学,普通,初中,114.319147,30.345541
田文街古雅路公交站,交通,公交站,(null),(null),114.184158,30.592418
东吴大道地铁站,交通,地铁站,非换乘,1号线,114.128567,30.624968
七里小学,教育,小学,普通,小学,114.226141,30.555532
中百仓储(常青店),商业,大型超市,(null),(null),114.240166,30.625773
武汉博大医院,医疗,专科医院,普通,(null),114.254445,30.585925
湖北大学附属中学,教育,中学,普通,高中,114.336727,30.588362
沃尔玛(武汉和平大道分店),商业,大型超市,(null),(null),114.36039,30.617722
兴怡生活广场,商业,购物中心,(null),(null),114.309979,30.64496
朝阳街网船湾公交站,交通,公交站,(null),(null),114.165278,30.606037
武汉市第六十八中学,教育,中学,普通,高中,114.269785,30.582873
武汉脑科医院长航,医疗,专科医院,普通,(null),114.257378,30.634919
滠口街彭家岗公交站,交通,公交站,(null),(null),114.355872,30.766997
武汉星期8古镇,景观,公园,普通景点,(null),114.307783,30.379172
武汉欣悦医院,医疗,专科医院,普通,(null),114.26966,30.577481
东风中学,教育,中学,普通,初中,114.414841,30.695017
朝阳街116街公交站,交通,公交站,(null),(null),114.384536,30.624644
武汉大学人民医院(汉南医院),医疗,综合医院,三甲,(null),114.072832,30.313807
同济医院,医疗,综合医院,普通,(null),114.463588,30.487594
中医肿瘤专科,医疗,专科医院,普通,(null),114.272599,30.569831
六指街王家咀公交站,交通,公交站,(null),(null),114.439227,30.816385
武汉六中上智中学,教育,中学,重点,高中,114.288445,30.588597
东星商城,商业,购物中心,(null),(null),114.13988,30.622796
建港地铁站,交通,地铁站,非换乘,6号线,114.259685,30.526609
武汉大学口腔医院,医疗,专科医院,三甲,(null),114.366333,30.52237
洪山广场,景观,公园,普通景点,(null),114.337079,30.545063
武汉珂信肿瘤医院,医疗,专科医院,普通,(null),114.270959,30.465127
油纱路五七桥公交站,交通,公交站,(null),(null),114.049065,30.70653
大洋百货(武汉龙阳店),商业,购物中心,(null),(null),114.208691,30.56091
AEON MALL(太子湖北路店),商业,购物中心,(null),(null),114.205041,30.502015
荟聚中心西门公交站,交通,公交站,(null),(null),114.165425,30.616563
武汉市中医医院(汉阳院区),医疗,综合医院,三甲,(null),114.215462,30.519372
武汉恒隆广场,商业,购物中心,(null),(null),114.273801,30.577836
武汉市东西湖实验小学,教育,小学,普通,小学,114.14653,30.621897
大兴路小学,教育,小学,普通,小学,114.289543,30.568225
御美广场,商业,购物中心,(null),(null),114.283274,30.577296
武汉市肺科医院,医疗,专科医院,普通,(null),114.253526,30.581032
武昌区妇幼保健院(首义四巷),医疗,专科医院,普通,(null),114.309975,30.537558
沈阳路小学,教育,小学,重点,小学,114.304213,30.603924
洪山广场地铁站,交通,地铁站,换乘二线,2号线;4号线,114.33598,30.545667
青山区妇幼保健院,医疗,专科医院,普通,(null),114.371167,30.616993
民航新村公交站,交通,公交站,(null),(null),114.238398,30.62605
常青花园中心公园,景观,公园,普通景点,(null),114.24074,30.641779
汉商武展购物中心,商业,购物中心,(null),(null),114.273516,30.580328
奥山世纪广场,商业,购物中心,(null),(null),114.360711,30.617162
梅苑小区地铁站,交通,地铁站,非换乘,4号线,114.326149,30.530916
青山公园,景观,公园,普通景点,(null),114.407889,30.638548
武商量贩(港澳店),商业,大型超市,(null),(null),114.276946,30.611546
矶头山公园,景观,公园,普通景点,(null),114.420891,30.652914
武汉市培英中学,教育,中学,普通,初中,114.282251,30.621688
飞越长江,景观,公园,普通景点,(null),114.393289,30.594093
藏龙岛国家湿地公园,景观,公园,普通景点,(null),114.425298,30.402195
大花山生态游园,景观,公园,普通景点,(null),114.344943,30.363395
前川街天井村公交站,交通,公交站,(null),(null),114.428351,30.877951
华中科技大学医院,医疗,综合医院,普通,(null),114.414401,30.517215
江夏区妇幼保健院,医疗,专科医院,普通,(null),114.315808,30.349226
武汉天地壹方购物中心东座,商业,购物中心,(null),(null),114.310444,30.610339
武昌区大东门小学,教育,小学,普通,小学,114.318798,30.551284
茶叶所地铁站,交通,地铁站,非换乘,(在建)12号线,114.317192,30.481519
雄楚大道BRT关山大道站快速公交站,交通,公交站,(null),(null),114.410726,30.497305
罗家庄地铁站,交通,地铁站,非换乘,3号线,114.303976,30.623628
洪山区中医医院,医疗,综合医院,普通,(null),114.349333,30.516767
武汉市江夏区纸坊第三小学,教育,小学,普通,小学,114.308147,30.34683
武汉江滩1期(沿江大道),景观,公园,普通景点,(null),114.303944,30.586283
武汉市东方红中学,教育,中学,普通,初中,113.991141,30.63093
张柏路茅庙集公交站,交通,公交站,(null),(null),114.125061,30.727786
武汉都市妇产医院,医疗,专科医院,普通,(null),114.26416,30.596663
光谷广场,景观,公园,普通景点,(null),114.399112,30.506074
武汉天美乳腺病专科医院,医疗,专科医院,普通,(null),114.269759,30.605396
武昌区武泰闸小学,教育,小学,普通,小学,114.304637,30.517787
武丰闸湿地公园,景观,公园,普通景点,(null),114.417171,30.650348
凌吴村地铁站,交通,地铁站,非换乘,(在建)12号线,114.267042,30.485111
百尚购物中心(钢花店),商业,购物中心,(null),(null),114.380649,30.61968
武汉市晴川高级中学,教育,中学,重点,高中,114.271669,30.545544
阳光100大湖第A区,商业,购物中心,(null),(null),114.412061,30.401961
武汉江夏贞爱妇科,医疗,专科医院,普通,(null),114.311927,30.404792
厂前地铁站,交通,地铁站,非换乘,5号线,114.434239,30.611409
沃尔玛(武汉马鹦路分店),商业,大型超市,(null),(null),114.255478,30.537257
汉广森林公园北区,景观,公园,普通景点,(null),114.308377,30.649044
老建二商场,商业,购物中心,(null),(null),114.375181,30.625233
中百仓储(大成路店),商业,大型超市,(null),(null),114.299571,30.543207
烟波花园,景观,公园,普通景点,(null),114.42003,30.70344
武汉市青山中学,教育,中学,普通,高中,114.430968,30.655181
五环大道地铁站,交通,地铁站,非换乘,1号线,114.138907,30.617699
丁家咀地铁站,交通,地铁站,非换乘,(在建)12号线,114.213982,30.549475
同济医学院附属小学,教育,小学,普通,小学,114.259859,30.584102
安徽街小学,教育,小学,普通,小学,114.280628,30.569856
武汉市吴家山第五中学,教育,中学,普通,初中,114.143189,30.614626
大洋百货(武汉中山店),商业,购物中心,(null),(null),114.290084,30.577444
武钢总医院(冶金大道),医疗,综合医院,三甲,(null),114.403493,30.632139
八坦路公园,景观,公园,普通景点,(null),114.286251,30.491545
武昌区首义路小学,教育,小学,普通,小学,114.308156,30.538018
走马岭公园,景观,公园,普通景点,(null),114.019945,30.648941
黄陂街小学(黄陂街),教育,小学,重点,小学,114.292339,30.571338
武商MALL•武广,商业,购物中心,(null),(null),114.270178,30.580192
天亿广场,商业,购物中心,(null),(null),114.303144,30.537802
武汉工程大学医院,医疗,综合医院,普通,(null),114.391182,30.500953
武汉首义玛丽亚妇产医院,医疗,专科医院,普通,(null),114.309522,30.534604
武汉市中医医院,医疗,综合医院,三甲,(null),114.297693,30.588437
武钢第二职工医院-门诊部,医疗,综合医院,普通,(null),114.48676,30.602766
武昌区何家垅小学,教育,小学,普通,小学,114.328652,30.545536
武汉市崇仁路中学,教育,中学,普通,高中,114.264758,30.574158
东西湖区东山小学,教育,小学,普通,小学,114.016453,30.774151
湖滨公园,景观,公园,普通景点,(null),114.364234,30.495411
武汉市儿童医院,医疗,专科医院,普通,(null),114.28707,30.603485
湖北省中山医院(阳逻院区),医疗,综合医院,三甲,(null),114.583533,30.67631
天河街老银行公交站,交通,公交站,(null),(null),114.217674,30.799605
中百罗森(烽火村店),商业,大型超市,(null),(null),114.297192,30.507988
柏泉路茅庙集公交站,交通,公交站,(null),(null),114.124802,30.728168
金正茂B区,商业,购物中心,(null),(null),114.280831,30.567984
竹叶山地铁站,交通,地铁站,非换乘,(在建)10号线一期;8号线,114.287104,30.625318
米粮城市广场,景观,公园,普通景点,(null),114.168169,30.563676
武汉欢乐谷,景观,公园,4A级景区,(null),114.392846,30.591334
武汉市第三初级中学,教育,中学,重点,初中,114.26155,30.543077
中医药大学地铁站,交通,地铁站,非换乘,(在建)5号线二期;5号线,114.268778,30.453717
科技二路新湾公交站,交通,公交站,(null),(null),114.604579,30.493307
惠济路小学,教育,小学,普通,小学,114.298603,30.615447
武汉市中心医院眼鼻耳喉医院,医疗,专科医院,普通,(null),114.295437,30.581261
罗马春天奥特莱斯,商业,购物中心,(null),(null),114.370239,30.386485
港口村地铁站,交通,地铁站,非换乘,(在建)12号线,114.206759,30.536621
艺术购物中心,商业,购物中心,(null),(null),114.412794,30.493965
星城购物中心,商业,购物中心,(null),(null),114.580434,30.655324
东方红小学(西区),教育,小学,重点,小学,114.244508,30.576697
武汉光谷中心医院,医疗,综合医院,普通,(null),114.441163,30.439905
佰惠生活广场,商业,购物中心,(null),(null),114.320951,30.522003
盛惠·中原里,商业,购物中心,(null),(null),114.208751,30.60779
福建街小学,教育,小学,普通,小学,114.284128,30.570942
徐东地铁站,交通,地铁站,非换乘,8号线,114.345634,30.58842
武汉市汉南区纱帽中学,教育,中学,普通,初中,114.077472,30.313602
武汉市中心医院南京路院区,医疗,综合医院,三甲,(null),114.294921,30.581052
沿江一号Mall,商业,购物中心,(null),(null),114.289623,30.567377
堤角小学,教育,小学,普通,小学,114.341157,30.657741
武汉市人民中学,教育,中学,普通,初中,114.290325,30.569476
武汉海洋世界,景观,公园,普通景点,(null),114.380918,30.573968
武汉市解放中学,教育,中学,重点,初中,114.301372,30.603809
光谷世纪广场,商业,购物中心,(null),(null),114.430029,30.420158
武汉市弘桥中学,教育,中学,普通,初中,114.276194,30.551913
万嘉广场,商业,购物中心,(null),(null),114.195035,30.591595
德成生活中心,商业,购物中心,(null),(null),114.289583,30.701393
季佳·荟华林广场,商业,购物中心,(null),(null),114.324497,30.65611
金银潭游园,景观,公园,普通景点,(null),114.244779,30.656873
梨园地铁站,交通,地铁站,非换乘,8号线,114.370081,30.574832
武汉博仕中医肛肠医院,医疗,专科医院,普通,(null),114.316126,30.552972
维佳体验城,商业,购物中心,(null),(null),114.326208,30.501486
武汉市第三医院(光谷院区),医疗,综合医院,三甲,(null),114.411085,30.498964
武汉东方医院,医疗,综合医院,普通,(null),114.300794,30.51768
熊廷弼公园,景观,公园,普通景点,(null),114.322352,30.333803
天河街唐家湾公交站,交通,公交站,(null),(null),114.209293,30.796502
五贤路绿道公园,景观,公园,普通景点,(null),114.067505,30.5499
土桐公路关山公交站,交通,公交站,(null),(null),114.019362,30.395334
宜佳购物广场(兴新街),商业,购物中心,(null),(null),114.315929,30.347277
金桥·摩尔街,商业,购物中心,(null),(null),114.260851,30.529783
东湖之眼,景观,公园,普通景点,(null),114.405887,30.54844
虎泉购物广场,商业,购物中心,(null),(null),114.369668,30.513935
玫瑰园小学,教育,小学,重点,小学,114.209685,30.568196
华中科技园站有轨电车站,交通,公交站,(null),(null),114.39717,30.449787
仓埠街中心小学,教育,小学,普通,小学,114.604706,30.829534
华发中城商都,商业,购物中心,(null),(null),114.261318,30.602859
莲湖路有轨电车站,交通,公交站,(null),(null),114.139237,30.477779
都市妇产,医疗,专科医院,普通,(null),114.263965,30.596361
武汉市粮道街中学(积玉桥校区),教育,中学,普通,初中,114.309705,30.558563
群光广场二馆,商业,购物中心,(null),(null),114.356585,30.525075
南三环湿地公园,景观,公园,普通景点,(null),114.203372,30.511973
园博园地铁站,交通,地铁站,非换乘,7号线,114.225873,30.618327
金银湖地铁站,交通,地铁站,非换乘,6号线,114.204948,30.639308
黄龙山路地铁站,交通,地铁站,非换乘,2号线,114.430183,30.477512
中百仓储(岳家嘴店),商业,大型超市,(null),(null),114.367295,30.582415
快意园,景观,公园,普通景点,(null),114.37701,30.690588
新建小学,教育,小学,普通,小学,114.347523,30.161674
柏泉路大周湾公交站,交通,公交站,(null),(null),114.12381,30.732088
武汉足球主题公园,景观,公园,普通景点,(null),114.179781,30.502695
沃尔玛(武汉东西湖店),商业,大型超市,(null),(null),114.144592,30.622254
湖工大地铁站,交通,地铁站,非换乘,7号线,114.313384,30.483656
铭新街小学本校,教育,小学,重点,小学,114.288682,30.584007
阳逻二小,教育,小学,普通,小学,114.569642,30.653934
武汉职院站有轨电车站,交通,公交站,(null),(null),114.410912,30.485962
丹水池小学,教育,小学,普通,小学,114.332326,30.643648
张公堤城市森林公园,景观,公园,普通景点,(null),114.279892,30.659079
芸聚购物中心(荟萃购物中心店),商业,购物中心,(null),(null),114.167823,30.618184
钟家村地铁站,交通,地铁站,换乘二线,4号线;6号线,114.266158,30.549283
凤凰苑有轨电车站,交通,公交站,(null),(null),114.088762,30.419805
东西湖吴家山第一小学,教育,小学,普通,小学,114.132885,30.628752
武汉大学口腔医院(武胜路分院),医疗,专科医院,普通,(null),114.269334,30.572033
招呼站公交站,交通,公交站,(null),(null),114.474822,30.661046
格力电器有轨电车站,交通,公交站,(null),(null),114.08426,30.45735
新洲区第四中学,教育,中学,普通,初中,114.937071,30.889616
六指街武湖村公交站,交通,公交站,(null),(null),114.437947,30.807153
古田一路地铁站,交通,地铁站,非换乘,1号线,114.183062,30.604521
祁家湾菜场公交站,交通,公交站,(null),(null),114.234197,30.87342
中一路地铁站,交通,地铁站,非换乘,(在建)12号线;(在建)21号线二期/阳逻线;8号线,114.281162,30.639903
武汉大学第二附属小学,教育,小学,普通,小学,114.358259,30.539989
武汉市皮肤病防治院,医疗,专科医院,普通,(null),114.510556,30.519593
中百仓储(黄陂横店店),商业,大型超市,(null),(null),114.293748,30.798416
民权路花楼街公交站,交通,公交站,(null),(null),114.287179,30.572318
华中科技大学万品汇广场,商业,购物中心,(null),(null),114.415548,30.516621
新世界百货(国贸店),商业,购物中心,(null),(null),114.269964,30.594962
光谷植物园站有轨电车站,交通,公交站,(null),(null),114.533093,30.502
黄石路公交站,交通,公交站,(null),(null),114.289019,30.588637
天河街普济寺公交站,交通,公交站,(null),(null),114.22026,30.806975
武汉艺萌康复医院,医疗,专科医院,普通,(null),114.32536,30.53379
武汉市德才中学,教育,中学,普通,初中,114.204748,30.566445
中百仓储(南泥湾店),商业,大型超市,(null),(null),114.195921,30.603351
妙邻广场,商业,购物中心,(null),(null),114.25839,30.63004
园林路地铁站,交通,地铁站,非换乘,(在建)12号线;4号线,114.378123,30.600224
华兴商城,商业,购物中心,(null),(null),114.318695,30.3472
新洲现代专业妇科,医疗,专科医院,普通,(null),114.801168,30.839563
中百仓储(杨汊湖店),商业,大型超市,(null),(null),114.261895,30.631228
雄楚大道BRT丁字桥路站快速公交站,交通,公交站,(null),(null),114.328637,30.518292
武汉市江岸区长春街小学,教育,小学,普通,小学,114.312891,30.611956
嵩阳森林公园,景观,公园,普通景点,(null),113.880811,30.521091
沙口小学,教育,小学,普通,小学,114.481436,30.701343
江夏市民之家公交站,交通,公交站,(null),(null),114.343073,30.357626
江汉路地铁站,交通,地铁站,换乘二线,2号线;6号线,114.292306,30.579581
小南湖公园,景观,公园,普通景点,(null),114.277839,30.591744
武汉现代妇产医院,医疗,专科医院,普通,(null),114.261194,30.569423
罗家村地铁站,交通,地铁站,非换乘,(在建)12号线,114.275949,30.479922
武汉理工大学医院,医疗,综合医院,普通,(null),114.351314,30.519875
百步亭地铁站,交通,地铁站,非换乘,(在建)12号线,114.31774,30.648269
九峰动物园游乐项目,景观,公园,普通景点,(null),114.48967,30.501411
武汉市青山区武东小学,教育,小学,普通,小学,114.458082,30.574967
中建三局武汉中心医院,医疗,综合医院,普通,(null),114.347897,30.508206
长江航运总医院,医疗,综合医院,普通,(null),114.287221,30.606433
武胜路地铁站,交通,地铁站,非换乘,6号线,114.268958,30.569459
武汉市铁四院学校,教育,中学,普通,初中,114.344464,30.604508
厦华新汇广场,商业,购物中心,(null),(null),114.222296,30.587005
东风大道有轨电车站,交通,公交站,(null),(null),114.084947,30.453358
武汉天地壹方南馆,商业,购物中心,(null),(null),114.309889,30.609527
汉口辅仁小学,教育,小学,重点,小学,114.270497,30.57817
武汉仁爱医院,医疗,专科医院,普通,(null),114.243772,30.575035
新洲区实验中学,教育,中学,普通,高中,114.797795,30.831915
班集小学公交站,交通,公交站,(null),(null),113.966667,30.546376
武汉七一华源中学,教育,中学,重点,初中,114.307063,30.605469
湖北省中医院,医疗,综合医院,三甲,(null),114.408401,30.50589
杨春湖地铁站,交通,地铁站,非换乘,4号线,114.416353,30.6053
M+购物中心,商业,购物中心,(null),(null),114.286339,30.583478
武汉东西湖径河湿地,景观,公园,普通景点,(null),114.142001,30.66567
桃源国际商业中心,商业,购物中心,(null),(null),114.348578,30.576211
汉正街中心商城,商业,购物中心,(null),(null),114.277655,30.567428
湖北省中西医结合医院,医疗,综合医院,三甲,(null),114.273475,30.607742
建安街地铁站,交通,地铁站,非换乘,7号线,114.313759,30.504025
时代购物中心,商业,购物中心,(null),(null),114.341435,30.598603
蔡甸协和江北医院,医疗,综合医院,普通,(null),114.044343,30.562956
江诗尼亚龙阳大洋百货专卖店,商业,购物中心,(null),(null),114.208932,30.560687
硃山有轨电车站,交通,公交站,(null),(null),114.088208,30.429171
武商MALL•世贸,商业,购物中心,(null),(null),114.268947,30.579955
唐家墩地铁站,交通,地铁站,非换乘,(在建)10号线一期;6号线,114.271276,30.617653
武汉育才美术高中,教育,中学,普通,高中,114.306045,30.618245
湖北省人民医院汉阳医院,医疗,综合医院,普通,(null),114.24582,30.548405
和洋购物广场,商业,购物中心,(null),(null),114.418146,30.731529
园博园北地铁站,交通,地铁站,换乘二线,(在建)7号线北延线一期;6号线;7号线,114.222603,30.63799
烽火村地铁站,交通,地铁站,非换乘,5号线,114.298485,30.50899
界立方3,商业,购物中心,(null),(null),114.298307,30.541553
福客茂,商业,购物中心,(null),(null),114.341093,30.586623
前进村委会公交站,交通,公交站,(null),(null),113.971879,30.527956
严西湖右岸生态湿地公园,景观,公园,普通景点,(null),114.49733,30.561251
老吾老广场,景观,公园,普通景点,(null),114.340786,30.539048
武汉市蔡甸区奓山中学,教育,中学,普通,初中,114.001961,30.442618
家盛时代城市生活广场(中北店),商业,购物中心,(null),(null),114.350349,30.562856
江岸区黄陂路小学,教育,小学,普通,小学,114.294026,30.581918
单洞新村小学,教育,小学,普通,小学,114.279931,30.583348
家乐福(光谷),商业,大型超市,(null),(null),114.403592,30.506323
江夏一中,教育,中学,普通,高中,114.337394,30.362641
新福路中医院公交站,交通,公交站,(null),(null),114.027765,30.57671
洪山区街道口小学,教育,小学,普通,小学,114.356532,30.531491
武汉市光谷第八小学,教育,小学,普通,小学,114.447381,30.498518
世纪都会,商业,购物中心,(null),(null),114.286687,30.583595
兴新街便民广场,商业,购物中心,(null),(null),114.316795,30.346928
新长盛广场,商业,购物中心,(null),(null),114.289212,30.583148
天河街陶湾口公交站,交通,公交站,(null),(null),114.202031,30.796428
武汉市武昌医院(西区),医疗,综合医院,普通,(null),114.34148,30.60259
北湖水乡,景观,公园,普通景点,(null),114.465703,30.816904
华侨城生态艺术公园,景观,公园,普通景点,(null),114.386491,30.586141
